#VRML V2.0 utf8
# 3D model generated by easyeda2kicad.py (https://github.com/uPesy/easyeda2kicad.py)

Shape{
    appearance Appearance {
        material  Material 	{
            diffuseColor 0.25098039215686274 0.25098039215686274 0.25098039215686274
            specularColor 0.12549019607843137 0.12549019607843137 0.12549019607843137
            ambientIntensity 0.251
            transparency 0.0
            shininess 0.5
        }
    }
    geometry IndexedFaceSet {
        ccw TRUE
        solid FALSE
        coord DEF co Coordinate {
            point [
                -4.8031 -4.998 0.0, -3.1435 -4.998 0.0, -3.1435 -4.998 0.9967, 0.2508 -4.998 1.2966, 0.3184 -4.998 1.2966, 0.3184 -4.998 1.3574, 0.0219 -4.998 1.0817, 0.0172 -4.998 1.0812, 0.0686 -4.998 1.0812, 0.4859 -4.998 1.4218, 0.4642 -4.998 1.4802, 0.3858 -4.998 1.4802, -0.8129 -4.998 1.6579, -0.7822 -4.998 1.6371, -0.428 -4.998 1.6371, -0.7477 -4.998 1.6136, -0.6972 -4.998 1.5552, -0.5275 -4.998 1.3574, -0.428 -4.998 1.3574, -0.5409 -4.998 1.3908, -0.5719 -4.998 1.434, -0.6131 -4.998 1.4688, -0.6657 -4.998 1.4937, -0.6583 -4.998 1.4912, -0.8888 -4.998 1.6854, -0.428 -4.998 3.0707, -0.9541 -4.998 1.6926, -1.0289 -4.998 1.6834, -1.099 -4.998 1.6565, -3.1435 -4.998 3.0707, -1.1303 -4.998 1.6371, -3.1435 -4.998 1.6371, -1.1363 -4.998 1.6334, -1.4491 -4.998 1.4499, -1.4126 -4.998 1.4967, -1.2978 -4.998 1.5622, -1.238 -4.998 1.5696, -1.172 -4.998 1.6028, -1.2205 -4.998 1.5687, -1.2031 -4.998 1.5666, -1.4023 -4.998 1.5064, -1.3541 -4.998 1.5404, -1.3728 -4.998 1.1178, -1.4202 -4.998 1.1582, -3.1435 -4.998 1.0812, -1.3179 -4.998 1.0911, -1.4548 -4.998 1.2077, -1.4766 -4.998 1.2642, -3.1435 -4.998 1.3574, -1.4839 -4.998 1.3237, -1.4835 -4.998 1.3382, -1.4801 -4.998 1.3574, -1.4733 -4.998 1.3953, -1.2987 -4.998 1.0853, -1.2968 -4.998 1.0812, -1.2835 -4.998 1.0527, -1.2609 -4.998 1.0249, -0.428 -4.998 0.0, -0.428 -4.998 0.9967, -1.0917 -4.998 0.9967, -1.1177 -4.998 0.9866, -1.1545 -4.998 0.9821, -1.1603 -4.998 0.9822, -1.1961 -4.998 0.9878, -1.2173 -4.998 0.9967, -1.2312 -4.998 1.0025, -0.428 -4.998 1.0812, -1.0123 -4.998 1.0812, -1.0124 -4.998 1.0805, -1.0304 -4.998 1.0467, -1.0536 -4.998 1.0207, -1.0839 -4.998 0.9997, -0.8184 -4.998 1.1708, -0.808 -4.998 1.1749, -0.7902 -4.998 1.2614, -0.5716 -4.998 1.1506, -0.6128 -4.998 1.1157, -1.0406 -4.998 1.2356, -0.8372 -4.998 1.3419, -1.0672 -4.998 1.2598, -1.0994 -4.998 1.2771, -0.8277 -4.998 1.1642, -0.5414 -4.998 1.1926, -0.6103 -4.998 1.3068, -0.6174 -4.998 1.3359, -0.629 -4.998 1.3574, -1.3845 -4.998 1.3574, -0.5223 -4.998 1.3444, -0.5154 -4.998 1.2948, -0.5223 -4.998 1.2407, -0.7962 -4.998 1.1764, -0.7948 -4.998 1.1763, -0.7902 -4.998 1.1753, -1.3755 -4.998 1.266, -1.3575 -4.998 1.2354, -1.2805 -4.998 1.2196, -1.3303 -4.998 1.2075, -1.2972 -4.998 1.1871, -1.2243 -4.998 1.2699, -1.2554 -4.998 1.2484, -1.3883 -4.998 1.3267, -1.3865 -4.998 1.3032, -1.1908 -4.998 1.2828, -1.1545 -4.998 1.2872, -1.1361 -4.998 1.2862, -0.8433 -4.998 1.1294, -0.8429 -4.998 1.1354, -1.0027 -4.998 1.1491, -0.8399 -4.998 1.1469, -0.834 -4.998 1.1573, -0.6403 -4.998 1.213, -0.6236 -4.998 1.2367, -0.6132 -4.998 1.2637, -0.6095 -4.998 1.2933, -0.8078 -4.998 1.0837, -0.8179 -4.998 1.0876, -0.8277 -4.998 1.0946, -0.8312 -4.998 1.0982, -0.8379 -4.998 1.1078, -0.8419 -4.998 1.1181, -1.0035 -4.998 1.118, -1.0027 -4.998 1.1339, -0.6592 -4.998 1.093, -0.7097 -4.998 1.0823, -0.7993 -4.998 1.0823, -0.7871 -4.998 1.1749, -0.7188 -4.998 1.1749, -0.6915 -4.998 1.1802, -0.6647 -4.998 1.1926, -0.6423 -4.998 1.2109, -0.7729 -4.998 1.5031, -0.8071 -4.998 1.5439, -1.156 -4.998 1.4558, -0.8108 -4.998 1.5473, -0.8535 -4.998 1.5769, -1.1328 -4.998 1.5038, -1.1667 -4.998 1.4616, -1.2007 -4.998 1.4741, -0.6316 -4.998 1.3621, -0.649 -4.998 1.3815, -0.7279 -4.998 1.4117, -0.6725 -4.998 1.3979, -0.699 -4.998 1.4082, -0.7401 -4.998 1.4117, -0.7494 -4.998 1.4542, -1.2899 -4.998 1.4688, -1.3237 -4.998 1.4508, -1.2524 -4.998 1.4777, -1.3497 -4.998 1.4276, -1.3707 -4.998 1.3974, -1.0988 -4.998 1.5445, -0.9011 -4.998 1.5952, -1.0581 -4.998 1.5742, -0.9526 -4.998 1.6015, -1.0085 -4.998 1.5943, -1.2365 -4.998 1.4785, -1.3838 -4.998 1.3635, 0.5164 -4.998 1.4218, 0.3858 -4.998 1.3574, 4.8031 -4.998 1.3574, 4.8031 -4.998 1.6371, 0.4351 -4.998 1.6353, 0.3858 -4.998 1.6371, 0.4056 -4.998 1.6353, 0.3858 -4.998 1.5833, 0.3547 -4.998 1.4218, 0.3243 -4.998 1.4218, 0.3753 -4.998 1.4802, 0.0983 -4.998 1.4461, 0.0983 -4.998 1.4218, 0.1184 -4.998 1.3574, 0.0934 -4.998 1.6107, 0.1184 -4.998 1.6371, 0.0934 -4.998 1.6353, 0.0686 -4.998 1.6371, 0.0686 -4.998 1.6353, 0.011 -4.998 1.5179, 0.011 -4.998 1.4461, 0.0686 -4.998 1.5179, 0.0686 -4.998 1.4461, 0.0873 -4.998 1.5179, 0.0873 -4.998 1.5424, 0.011 -4.998 1.6107, 0.011 -4.998 1.5424, 0.0686 -4.998 1.6107, 0.0686 -4.998 1.5424, 0.0686 -4.998 1.3574, 0.0686 -4.998 1.4218, -0.0289 -4.998 1.3574, -0.0166 -4.998 1.6353, -0.0289 -4.998 1.6371, -0.0166 -4.998 1.4218, -0.0593 -4.998 1.6302, -0.0786 -4.998 1.6361, -0.0886 -4.998 1.6371, -0.0593 -4.998 1.6013, -0.1144 -4.998 1.4427, -0.1016 -4.998 1.4434, -0.0869 -4.998 1.6117, -0.1096 -4.998 1.614, -0.1678 -4.998 1.5903, -0.1694 -4.998 1.5886, -0.1797 -4.998 1.5737, -0.1868 -4.998 1.5552, -0.0779 -4.998 1.4484, -0.0593 -4.998 1.457, -0.0593 -4.998 1.4306, -0.063 -4.998 1.4288, -0.1563 -4.998 1.4242, -0.1762 -4.998 1.4341, -0.2096 -4.998 1.3574, -0.1918 -4.998 1.4473, -0.1937 -4.998 1.4494, -0.0648 -4.998 1.6042, -0.1181 -4.998 1.6137, -0.1366 -4.998 1.6101, -0.1534 -4.998 1.6022, -0.1903 -4.998 1.5261, -0.19 -4.998 1.5185, -0.1867 -4.998 1.4971, -0.1643 -4.998 1.4603, -0.1501 -4.998 1.4507, -0.1347 -4.998 1.445, -0.1798 -4.998 1.4798, -0.1693 -4.998 1.4652, -0.0859 -4.998 1.4213, -0.1184 -4.998 1.4182, -0.1336 -4.998 1.419, -0.1058 -4.998 1.6389, -0.0289 -4.998 3.0707, -0.1099 -4.998 1.6389, -0.2096 -4.998 3.0707, -0.1248 -4.998 1.6371, -0.1629 -4.998 1.6266, -0.1406 -4.998 1.6352, -0.2096 -4.998 1.6371, -0.2019 -4.998 1.5903, -0.1883 -4.998 1.6075, -0.1836 -4.998 1.612, -0.2064 -4.998 1.4677, -0.2096 -4.998 1.476, -0.2224 -4.998 1.3574, -0.2224 -4.998 1.6371, -0.2128 -4.998 1.5671, -0.2096 -4.998 1.574, -0.2151 -4.998 1.49, -0.2192 -4.998 1.5245, -0.2184 -4.998 1.5401, 0.2364 -4.998 1.6371, 0.2364 -4.998 1.6301, 0.3184 -4.998 1.6371, 0.2579 -4.998 1.6223, 0.3011 -4.998 1.5809, 0.3089 -4.998 1.5605, 0.3124 -4.998 1.5313, 0.2802 -4.998 1.607, 0.2879 -4.998 1.5995, 0.3114 -4.998 1.5141, 0.3056 -4.998 1.4897, 0.2944 -4.998 1.468, 0.2802 -4.998 1.4517, 0.2577 -4.998 1.4356, 0.2364 -4.998 1.4273, 0.2364 -4.998 1.3574, 0.2333 -4.998 1.4261, 0.1973 -4.998 1.4218, 0.1386 -4.998 1.4218, 0.1386 -4.998 1.6353, 0.1995 -4.998 1.6353, 0.2321 -4.998 1.6317, -0.1271 -4.998 1.0849, -0.1372 -4.998 1.0812, -0.1043 -4.998 1.083, -0.1177 -4.998 1.0911, -0.2096 -4.998 1.0812, -0.1955 -4.998 1.1027, -0.1988 -4.998 1.1117, -0.1059 -4.998 1.2344, -0.0369 -4.998 1.2126, -0.0319 -4.998 1.2198, -0.178 -4.998 1.0852, -0.1677 -4.998 1.0813, -0.1672 -4.998 1.0812, -0.1896 -4.998 1.1554, -0.1815 -4.998 1.1626, -0.1852 -4.998 1.1989, -0.1703 -4.998 1.1684, -0.168 -4.998 1.2099, -0.1495 -4.998 1.1736, -0.1261 -4.998 1.2164, -0.1352 -4.998 1.2173, -0.1513 -4.998 1.2156, -0.187 -4.998 1.0914, -0.19 -4.998 1.0945, -0.2001 -4.998 1.1239, -0.1987 -4.998 1.1371, -0.0969 -4.998 1.2294, -0.0897 -4.998 1.2228, -0.0401 -4.998 1.204, -0.0841 -4.998 1.2143, -0.0799 -4.998 1.2024, -0.1043 -4.998 1.1066, -0.105 -4.998 1.1066, -0.1092 -4.998 1.1002, -0.1762 -4.998 1.2298, -0.1852 -4.998 1.2248, -0.1953 -4.998 1.1468, -0.1556 -4.998 1.2367, -0.1327 -4.998 1.239, -0.1174 -4.998 1.2377, -0.0336 -4.998 1.1703, -0.037 -4.998 1.1758, -0.0775 -4.998 1.1812, -0.04 -4.998 1.184, -0.0411 -4.998 1.1944, -0.1043 -4.998 1.18, -0.1052 -4.998 1.1918, -0.108 -4.998 1.2013, -0.1111 -4.998 1.2068, -0.0292 -4.998 1.1657, -0.0413 -4.998 1.116, -0.0289 -4.998 1.1655, -0.0319 -4.998 1.1101, -0.0289 -4.998 1.1089, -0.1152 -4.998 1.2111, -0.1199 -4.998 1.2142, -0.1517 -4.998 1.0794, -0.2096 -4.998 0.9967, -0.1379 -4.998 1.081, -0.0289 -4.998 0.9967, -0.0413 -4.998 1.0884, -0.0775 -4.998 1.083, -0.0289 -4.998 1.084, -0.0289 -4.998 1.0812, -0.0234 -4.998 1.082, -0.0165 -4.998 1.0812, 0.0001 -4.998 1.0794, 0.0686 -4.998 0.9967, 0.0544 -4.998 1.2323, 0.0544 -4.998 1.2063, -0.024 -4.998 1.2269, -0.0166 -4.998 1.2314, 0.0604 -4.998 1.1138, 0.0571 -4.998 1.1053, 0.0521 -4.998 1.0983, -0.0289 -4.998 1.2225, -0.002 -4.998 1.2367, 0.0182 -4.998 1.239, 0.0354 -4.998 1.2376, 0.0527 -4.998 1.1497, 0.0577 -4.998 1.1424, 0.0606 -4.998 1.1345, 0.0617 -4.998 1.1245, 0.0445 -4.998 1.0916, 0.0366 -4.998 1.0869, 0.0156 -4.998 1.2173, 0.0077 -4.998 1.2167, -0.0136 -4.998 1.1968, 0.0006 -4.998 1.2148, -0.0054 -4.998 1.2116, -0.0133 -4.998 1.1932, -0.0123 -4.998 1.1891, -0.0103 -4.998 1.1855, -0.0077 -4.998 1.1826, 0.0017 -4.998 1.1767, 0.0342 -4.998 1.2151, 0.0182 -4.998 1.1695, 0.0494 -4.998 1.2092, 0.0286 -4.998 1.1653, 0.0464 -4.998 1.1554, -0.0095 -4.998 1.2081, -0.0118 -4.998 1.2047, -0.0131 -4.998 1.2011, -0.0152 -4.998 1.1035, -0.0006 -4.998 1.1501, -0.0166 -4.998 1.1574, 0.0027 -4.998 1.1013, 0.0039 -4.998 1.1013, 0.0169 -4.998 1.1427, 0.0176 -4.998 1.1028, 0.0342 -4.998 1.1219, 0.034 -4.998 1.1252, 0.0245 -4.998 1.1053, 0.0269 -4.998 1.1068, 0.03 -4.998 1.1095, 0.0323 -4.998 1.113, 0.0337 -4.998 1.1168, 0.0328 -4.998 1.1294, 0.0307 -4.998 1.133, 0.0274 -4.998 1.1364, 0.1943 -4.998 1.2355, 0.222 -4.998 1.2355, 0.2364 -4.998 1.0812, 0.1454 -4.998 1.1209, 0.1486 -4.998 1.1084, 0.1493 -4.998 1.1084, 0.1184 -4.998 1.1984, 0.1526 -4.998 1.1207, 0.1506 -4.998 1.1136, 0.1184 -4.998 1.1266, 0.0756 -4.998 1.2355, 0.1055 -4.998 1.2355, 0.1345 -4.998 1.0812, 0.1354 -4.998 1.0834, 0.1184 -4.998 1.046, 0.1185 -4.998 1.046, 0.1184 -4.998 1.0812, 0.1237 -4.998 1.0556, 0.0811 -4.998 1.0372, 0.0811 -4.998 1.0134, 0.0866 -4.998 1.0354, 0.0963 -4.998 1.0341, 0.1027 -4.998 1.0349, 0.1184 -4.998 1.016, 0.1092 -4.998 1.0125, 0.1184 -4.998 0.9967, 0.0984 -4.998 1.0112, 0.0925 -4.998 1.0114, 0.1086 -4.998 1.0371, 0.1135 -4.998 1.0405, 0.1528 -4.998 1.06, 0.1407 -4.998 1.0364, 0.2364 -4.998 0.9967, 0.1612 -4.998 1.0812, 0.1309 -4.998 1.0247, 0.1291 -4.998 1.023, 0.1197 -4.998 1.0165, 0.3608 -4.998 1.2966, 0.3608 -4.998 1.272, 0.3656 -4.998 1.1074, 0.3858 -4.998 1.0812, 0.3656 -4.998 1.083, 0.3184 -4.998 1.0812, 0.2784 -4.998 1.1792, 0.2784 -4.998 1.1074, 0.3184 -4.998 1.1792, 0.3184 -4.998 1.1074, 0.3547 -4.998 1.1792, 0.3547 -4.998 1.2037, 0.3184 -4.998 1.2037, 0.3184 -4.998 1.272, 0.2784 -4.998 1.2037, 0.2784 -4.998 1.272, 0.3184 -4.998 1.083, 0.2508 -4.998 1.083, 0.7533 -4.998 1.083, 0.7316 -4.998 1.1414, 0.6426 -4.998 1.1414, 4.8031 -4.998 1.0812, 0.7025 -4.998 1.2966, 0.5788 -4.998 1.1754, 0.573 -4.998 1.151, 0.5917 -4.998 1.083, 0.5618 -4.998 1.1293, 0.5476 -4.998 1.113, 0.673 -4.998 1.2966, 0.4669 -4.998 1.2966, 0.4995 -4.998 1.293, 0.5798 -4.998 1.1925, 0.5763 -4.998 1.2217, 0.5251 -4.998 1.0968, 0.5007 -4.998 1.0874, 0.4647 -4.998 1.083, 0.5476 -4.998 1.2683, 0.5553 -4.998 1.2608, 0.5685 -4.998 1.2421, 0.5253 -4.998 1.2835, 0.6221 -4.998 1.083, 0.7838 -4.998 1.083, 0.406 -4.998 1.083, 0.406 -4.998 1.2966, 4.8031 -4.998 0.9967, 0.3858 -4.998 0.9967, 0.3184 -4.998 0.9967, 4.8031 -4.998 3.0707, 0.3858 -4.998 3.0707, 0.3184 -4.998 3.0707, 0.2364 -4.998 3.0707, 0.1184 -4.998 3.0707, 0.0686 -4.998 3.0707, 4.8031 -4.998 0.0, 0.3858 -4.998 0.0, 0.3184 -4.998 0.0, 0.2364 -4.998 0.0, 0.1184 -4.998 0.0, 0.0686 -4.998 0.0, -0.0289 -4.998 0.0, -0.2096 -4.998 0.0, -0.2224 -4.998 0.0, -0.2224 -4.998 0.9967, -0.2224 -4.998 1.0812, -0.2257 -4.998 1.1074, -0.2257 -4.998 1.083, -0.3405 -4.998 1.083, -0.2305 -4.998 1.272, -0.3405 -4.998 1.2966, -0.2305 -4.998 1.2966, -0.313 -4.998 1.1792, -0.313 -4.998 1.1074, -0.2366 -4.998 1.1792, -0.2366 -4.998 1.2037, -0.313 -4.998 1.2037, -0.313 -4.998 1.272, -0.313 -4.998 1.6353, -0.313 -4.998 1.4461, -0.2279 -4.998 1.4461, -0.3405 -4.998 1.4218, -0.3405 -4.998 1.6353, -0.2279 -4.998 1.4218, -0.2224 -4.998 3.0707, -4.8031 -4.998 0.9967, -4.8031 -4.998 1.0812, -4.8031 -4.998 1.3574, -4.8031 -4.998 1.6371, -4.8031 -4.998 3.0707, 4.8031 -4.998 4.4488, 0.3858 -4.998 4.4488, 0.3184 -4.998 4.4488, 0.2364 -4.998 4.4488, 0.1184 -4.998 4.4488, 0.0686 -4.998 4.4488, -0.0289 -4.998 4.4488, -0.2096 -4.998 4.4488, -0.2224 -4.998 4.4488, -0.428 -4.998 4.4488, -3.1435 -4.998 4.4488, -4.8031 -4.998 4.4488, 4.8031 5.002 0.0, 4.8031 5.002 4.4488, 4.8541 4.9953 4.4488, 4.8541 4.9953 0.0, 4.9016 4.9756 4.4488, 4.9016 4.9756 0.0, 4.9423 4.9443 4.4488, 4.9423 4.9443 0.0, 4.9736 4.9035 4.4488, 4.9736 4.9035 0.0, 4.9933 4.8561 4.4488, 4.9933 4.8561 0.0, 5.0 4.8051 4.4488, 5.0 4.8051 0.0, 5.0 -4.8012 4.4488, 5.0 -4.8012 0.0, 4.9933 -4.8521 4.4488, 4.9933 -4.8521 0.0, 4.9736 -4.8996 4.4488, 4.9736 -4.8996 0.0, 4.9423 -4.9404 4.4488, 4.9423 -4.9404 0.0, 4.9016 -4.9717 4.4488, 4.9016 -4.9717 0.0, 4.8541 -4.9913 4.4488, 4.8541 -4.9913 0.0, -4.8541 -4.9913 4.4488, -4.8541 -4.9913 0.0, -4.9016 -4.9717 4.4488, -4.9016 -4.9717 0.0, -4.9423 -4.9404 4.4488, -4.9423 -4.9404 0.0, -4.9736 -4.8996 4.4488, -4.9736 -4.8996 0.0, -4.9933 -4.8521 4.4488, -4.9933 -4.8521 0.0, -5.0 -4.8012 4.4488, -5.0 -4.8012 0.0, -5.0 4.8051 4.4488, -5.0 4.8051 0.0, -4.9933 4.8561 4.4488, -4.9933 4.8561 0.0, -4.9736 4.9035 4.4488, -4.9736 4.9035 0.0, -4.9423 4.9443 4.4488, -4.9423 4.9443 0.0, -4.9016 4.9756 4.4488, -4.9016 4.9756 0.0, -4.8541 4.9953 4.4488, -4.8541 4.9953 0.0, -4.8031 5.002 4.4488, -4.8031 5.002 0.0, -4.8031 -4.8012 0.0, -4.8031 4.8051 0.0, 4.8031 -4.8012 0.0, 4.8031 4.8051 0.0, -4.8031 -4.8012 4.6457, -4.0111 0.9156 4.6457, -4.8031 4.8051 4.6457, -4.0 0.9998 4.6457, -3.9675 1.0782 4.6457, 4.8031 4.8051 4.6457, -3.361 0.9156 4.6457, 4.8031 -4.8012 4.6457, -3.372 0.8315 4.6457, -3.4045 0.7531 4.6457, -3.686 0.5906 4.6457, -3.7701 0.6017 4.6457, -3.8485 0.6342 4.6457, -3.9158 0.6858 4.6457, -3.9158 1.1455 4.6457, -3.8485 1.1971 4.6457, -3.7701 1.2296 4.6457, -3.9675 0.7531 4.6457, -4.0 0.8315 4.6457, -3.4562 0.6858 4.6457, -3.5235 0.6342 4.6457, -3.6019 0.6017 4.6457, -3.4562 1.1455 4.6457, -3.4045 1.0782 4.6457, -3.372 0.9998 4.6457, -3.686 1.2407 4.6457, -3.6019 1.2296 4.6457, -3.5235 1.1971 4.6457, -4.8541 4.8051 4.639, -4.8541 -4.8012 4.639, -4.9016 4.8051 4.6193, -4.9016 -4.8012 4.6193, -4.9423 4.8051 4.588, -4.9423 -4.8012 4.588, -4.9736 4.8051 4.5472, -4.9736 -4.8012 4.5472, -4.9933 4.8051 4.4998, -4.9933 -4.8012 4.4998, -4.9868 -4.8504 4.4998, -4.9678 -4.8963 4.4998, -4.9678 -4.8453 4.5472, -4.9508 -4.8864 4.5472, -4.9376 -4.8372 4.588, -4.9237 -4.8708 4.588, -4.8982 -4.8267 4.6193, -4.8884 -4.8504 4.6193, -4.8524 -4.8144 4.639, -4.8473 -4.8267 4.639, -4.9376 -4.9356 4.4998, -4.9237 -4.9217 4.5472, -4.9016 -4.8996 4.588, -4.8727 -4.8708 4.6193, -4.8392 -4.8372 4.639, -4.8982 -4.9658 4.4998, -4.8524 -4.9848 4.4998, -4.8884 -4.9488 4.5472, -4.8473 -4.9658 4.5472, -4.8727 -4.9217 4.588, -4.8392 -4.9356 4.588, -4.8524 -4.8864 4.6193, -4.8286 -4.8963 4.6193, -4.8286 -4.8453 4.639, -4.8163 -4.8504 4.639, -4.8031 -4.9913 4.4998, -4.8031 -4.9717 4.5472, -4.8031 -4.9404 4.588, -4.8031 -4.8996 4.6193, -4.8031 -4.8521 4.639, -4.8524 4.9888 4.4998, -4.8982 4.9698 4.4998, -4.8473 4.9698 4.5472, -4.8884 4.9528 4.5472, -4.8392 4.9396 4.588, -4.8727 4.9257 4.588, -4.8286 4.9002 4.6193, -4.8524 4.8904 4.6193, -4.8163 4.8543 4.639, -4.8286 4.8492 4.639, -4.9376 4.9396 4.4998, -4.9237 4.9257 4.5472, -4.9016 4.9035 4.588, -4.8727 4.8747 4.6193, -4.8392 4.8411 4.639, -4.8031 4.9953 4.4998, -4.8031 4.9756 4.5472, -4.8031 4.9443 4.588, -4.8031 4.9035 4.6193, -4.8031 4.8561 4.639, -4.9678 4.9002 4.4998, -4.9868 4.8543 4.4998, -4.9508 4.8904 4.5472, -4.9678 4.8492 4.5472, -4.9237 4.8747 4.588, -4.9376 4.8411 4.588, -4.8884 4.8543 4.6193, -4.8982 4.8306 4.6193, -4.8473 4.8306 4.639, -4.8524 4.8183 4.639, 4.8031 -4.8521 4.639, 4.8031 -4.8996 4.6193, 4.8031 -4.9404 4.588, 4.8031 -4.9717 4.5472, 4.8031 -4.9913 4.4998, 4.8031 4.8561 4.639, 4.8031 4.9035 4.6193, 4.8031 4.9443 4.588, 4.8031 4.9756 4.5472, 4.8031 4.9953 4.4998, 4.8524 -4.9848 4.4998, 4.8982 -4.9658 4.4998, 4.8473 -4.9658 4.5472, 4.8884 -4.9488 4.5472, 4.8392 -4.9356 4.588, 4.8727 -4.9217 4.588, 4.8286 -4.8963 4.6193, 4.8524 -4.8864 4.6193, 4.8163 -4.8504 4.639, 4.8286 -4.8453 4.639, 4.9376 -4.9356 4.4998, 4.9237 -4.9217 4.5472, 4.9016 -4.8996 4.588, 4.8727 -4.8708 4.6193, 4.8392 -4.8372 4.639, 4.9678 -4.8963 4.4998, 4.9868 -4.8504 4.4998, 4.9508 -4.8864 4.5472, 4.9678 -4.8453 4.5472, 4.9237 -4.8708 4.588, 4.9376 -4.8372 4.588, 4.8884 -4.8504 4.6193, 4.8982 -4.8267 4.6193, 4.8473 -4.8267 4.639, 4.8524 -4.8144 4.639, 4.9933 -4.8012 4.4998, 4.9736 -4.8012 4.5472, 4.9423 -4.8012 4.588, 4.9016 -4.8012 4.6193, 4.8541 -4.8012 4.639, 4.9868 4.8543 4.4998, 4.9678 4.9002 4.4998, 4.9678 4.8492 4.5472, 4.9508 4.8904 4.5472, 4.9376 4.8411 4.588, 4.9237 4.8747 4.588, 4.8982 4.8306 4.6193, 4.8884 4.8543 4.6193, 4.8524 4.8183 4.639, 4.8473 4.8306 4.639, 4.9376 4.9396 4.4998, 4.9237 4.9257 4.5472, 4.9016 4.9035 4.588, 4.8727 4.8747 4.6193, 4.8392 4.8411 4.639, 4.9933 4.8051 4.4998, 4.9736 4.8051 4.5472, 4.9423 4.8051 4.588, 4.9016 4.8051 4.6193, 4.8541 4.8051 4.639, 4.8982 4.9698 4.4998, 4.8524 4.9888 4.4998, 4.8884 4.9528 4.5472, 4.8473 4.9698 4.5472, 4.8727 4.9257 4.588, 4.8392 4.9396 4.588, 4.8524 4.8904 4.6193, 4.8286 4.9002 4.6193, 4.8286 4.8492 4.639, 4.8163 4.8543 4.639, 4.8031 4.8051 0.1969, 4.5 4.8051 0.1969, 0.0 4.8051 0.1969, -4.0 4.8051 0.1969, -4.8031 4.8051 0.1969, -4.8031 -0.498 0.1969, -4.8031 0.502 0.1969, -4.8031 2.502 0.1969, -4.8031 -2.498 0.1969, -4.8031 -4.498 0.1969, -4.8031 -4.8012 0.1969, -4.0 -4.8012 0.1969, 0.0 -4.8012 0.1969, 4.5 -4.8012 0.1969, 4.8031 -4.8012 0.1969, 4.8031 2.502 0.1969, 4.8031 -4.498 0.1969, 4.8031 -2.498 0.1969, 4.8031 -0.498 0.1969, 4.8031 0.502 0.1969, -4.0 0.502 0.1969, -4.0984 1.1724 0.1969, -4.1392 1.1412 0.1969, -4.1901 0.951 0.1969, -4.1705 0.9035 0.1969, -4.1392 0.8628 0.1969, -4.0984 0.8315 0.1969, -4.0509 0.8118 0.1969, -4.0 0.8051 0.1969, -4.1705 1.1004 0.1969, -4.1901 1.0529 0.1969, -4.1969 1.002 0.1969, -3.8608 1.1412 0.1969, -3.9016 1.1724 0.1969, -4.0 2.502 0.1969, -3.9491 1.1921 0.1969, -4.0 1.1988 0.1969, -4.0509 1.1921 0.1969, -3.8295 0.9035 0.1969, -3.8099 0.951 0.1969, 0.0 0.502 0.1969, -3.8031 1.002 0.1969, 0.0 2.502 0.1969, -3.8099 1.0529 0.1969, -3.8295 1.1004 0.1969, -3.9491 0.8118 0.1969, -3.9016 0.8315 0.1969, -3.8608 0.8628 0.1969, -3.9016 -1.1685 0.1969, -3.8608 -1.1372 0.1969, 0.0 -2.498 0.1969, -4.0509 -1.1882 0.1969, -4.0 -1.1949 0.1969, -4.0 -2.498 0.1969, -3.9491 -1.1882 0.1969, -3.8099 -0.9471 0.1969, -3.8295 -0.8996 0.1969, 0.0 -0.498 0.1969, -3.8608 -0.8588 0.1969, -4.0 -0.498 0.1969, -3.9016 -0.8276 0.1969, -3.9491 -0.8079 0.1969, -3.8295 -1.0965 0.1969, -3.8099 -1.049 0.1969, -3.8031 -0.998 0.1969, -4.1392 -0.8588 0.1969, -4.1705 -0.8996 0.1969, -4.1392 -1.1372 0.1969, -4.0984 -1.1685 0.1969, -4.1705 -1.0965 0.1969, -4.1901 -0.9471 0.1969, -4.1969 -0.998 0.1969, -4.1901 -1.049 0.1969, -4.0 -0.8012 0.1969, -4.0509 -0.8079 0.1969, -4.0984 -0.8276 0.1969, -4.1705 3.9035 0.1969, -4.1392 3.8628 0.1969, -4.1392 4.1412 0.1969, -4.1705 4.1004 0.1969, -4.1901 4.0529 0.1969, -4.1969 4.002 0.1969, -4.1901 3.951 0.1969, -3.9491 4.1921 0.1969, -4.0 4.1988 0.1969, -4.0509 4.1921 0.1969, -4.0984 4.1724 0.1969, -3.8031 4.002 0.1969, -3.8099 4.0529 0.1969, -4.0984 3.8315 0.1969, -4.0509 3.8118 0.1969, -4.0 3.8051 0.1969, -3.9491 3.8118 0.1969, -3.9016 3.8315 0.1969, -3.8608 3.8628 0.1969, -3.8295 3.9035 0.1969, -3.8099 3.951 0.1969, -3.8295 4.1004 0.1969, -3.8608 4.1412 0.1969, -3.9016 4.1724 0.1969, 3.8031 4.002 0.1969, 3.8099 3.951 0.1969, 3.8295 3.9035 0.1969, 3.8608 3.8628 0.1969, 3.9016 3.8315 0.1969, 3.9491 3.8118 0.1969, 4.5 2.502 0.1969, 4.0 3.8051 0.1969, 4.0509 3.8118 0.1969, 4.1705 4.1004 0.1969, 4.1392 4.1412 0.1969, 4.0984 4.1724 0.1969, 4.0509 4.1921 0.1969, 4.0984 3.8315 0.1969, 4.1392 3.8628 0.1969, 4.1705 3.9035 0.1969, 3.8608 4.1412 0.1969, 3.8295 4.1004 0.1969, 3.8099 4.0529 0.1969, 4.0 4.1988 0.1969, 3.9491 4.1921 0.1969, 3.9016 4.1724 0.1969, 4.1901 3.951 0.1969, 4.1969 4.002 0.1969, 4.1901 4.0529 0.1969, 3.8031 0.002 0.1969, 3.8099 -0.049 0.1969, 3.8295 -0.0965 0.1969, 3.8608 -0.1372 0.1969, 3.9016 -0.1685 0.1969, 3.9491 -0.1882 0.1969, 4.0 -0.1949 0.1969, 4.5 -0.498 0.1969, 4.1392 0.1412 0.1969, 4.5 0.502 0.1969, 4.1705 0.1004 0.1969, 4.1901 0.0529 0.1969, 3.9491 0.1921 0.1969, 3.9016 0.1724 0.1969, 3.8608 0.1412 0.1969, 4.0509 -0.1882 0.1969, 4.0984 -0.1685 0.1969, 4.1392 -0.1372 0.1969, 3.8295 0.1004 0.1969, 3.8099 0.0529 0.1969, 4.1705 -0.0965 0.1969, 4.1901 -0.049 0.1969, 4.1969 0.002 0.1969, 4.0984 0.1724 0.1969, 4.0509 0.1921 0.1969, 4.0 0.1988 0.1969, 4.5 -2.498 0.1969, -4.0 -4.498 0.1969, 0.0 -4.498 0.1969, 3.8608 -4.1372 0.1969, 3.8295 -4.0965 0.1969, 3.8099 -4.049 0.1969, 3.9016 -4.1685 0.1969, 3.9491 -4.1882 0.1969, 4.5 -4.498 0.1969, 4.0 -4.1949 0.1969, 4.0509 -4.1882 0.1969, 4.0984 -4.1685 0.1969, 4.1392 -4.1372 0.1969, 4.1705 -4.0965 0.1969, 4.1705 -3.8996 0.1969, 4.1392 -3.8588 0.1969, 4.0984 -3.8276 0.1969, 4.0509 -3.8079 0.1969, 4.1901 -4.049 0.1969, 4.1969 -3.998 0.1969, 4.1901 -3.9471 0.1969, 3.8608 -3.8588 0.1969, 3.8295 -3.8996 0.1969, 3.8099 -3.9471 0.1969, 3.8031 -3.998 0.1969, 4.0 -3.8012 0.1969, 3.9491 -3.8079 0.1969, 3.9016 -3.8276 0.1969
            ]
        }
        coordIndex [
            0,1,2,-1,3,4,5,-1,6,7,8,-1,9,10,11,-1,12,13,14,-1,14,13,15,-1,14,15,16,-1,17,18,19,-1,19,18,14,-1,19,14,20,-1,20,14,21,-1,16,22,14,-1,14,22,23,-1,14,23,21,-1,24,25,26,-1,26,25,27,-1,27,25,28,-1,28,25,29,-1,28,29,30,-1,30,29,31,-1,30,31,32,-1,31,33,34,-1,31,35,32,-1,32,35,36,-1,32,36,37,-1,37,36,38,-1,37,38,39,-1,34,40,31,-1,31,40,41,-1,31,41,35,-1,42,43,44,-1,42,44,45,-1,43,46,44,-1,44,46,47,-1,44,47,48,-1,48,47,49,-1,49,50,48,-1,48,50,51,-1,48,51,31,-1,31,51,52,-1,31,52,33,-1,53,45,54,-1,54,45,44,-1,54,44,55,-1,55,44,56,-1,57,58,59,-1,59,60,57,-1,57,60,61,-1,57,61,1,-1,61,62,1,-1,1,62,63,-1,1,63,2,-1,2,63,64,-1,2,64,44,-1,44,64,65,-1,44,65,56,-1,66,67,58,-1,58,67,68,-1,58,68,69,-1,69,70,58,-1,58,70,71,-1,58,71,59,-1,72,73,74,-1,75,76,66,-1,77,78,79,-1,79,78,80,-1,72,74,81,-1,75,66,82,-1,83,84,78,-1,78,84,85,-1,78,85,86,-1,17,87,18,-1,18,87,88,-1,18,88,66,-1,66,88,89,-1,66,89,82,-1,73,90,74,-1,74,90,91,-1,74,91,92,-1,93,94,95,-1,95,94,96,-1,95,96,97,-1,98,86,99,-1,99,86,100,-1,99,100,95,-1,95,100,101,-1,95,101,93,-1,98,102,86,-1,86,102,103,-1,86,103,78,-1,78,103,104,-1,78,104,80,-1,105,106,107,-1,107,106,108,-1,107,108,74,-1,74,108,109,-1,74,109,81,-1,110,111,74,-1,74,111,112,-1,74,112,78,-1,78,112,113,-1,78,113,83,-1,114,115,67,-1,67,115,116,-1,67,116,117,-1,117,118,67,-1,67,118,119,-1,67,119,120,-1,120,119,105,-1,120,105,121,-1,121,105,107,-1,76,122,66,-1,66,122,123,-1,66,123,67,-1,67,123,124,-1,67,124,114,-1,92,125,74,-1,74,125,126,-1,74,126,127,-1,127,128,74,-1,74,128,129,-1,74,129,110,-1,130,131,132,-1,131,133,132,-1,132,133,134,-1,132,134,135,-1,85,132,86,-1,86,132,136,-1,86,136,137,-1,138,139,140,-1,140,139,141,-1,140,141,142,-1,138,140,85,-1,85,140,143,-1,85,143,132,-1,132,143,144,-1,132,144,130,-1,145,146,147,-1,147,146,148,-1,147,148,149,-1,135,134,150,-1,150,134,151,-1,150,151,152,-1,152,151,153,-1,152,153,154,-1,137,155,86,-1,86,155,147,-1,86,147,156,-1,156,147,149,-1,157,9,158,-1,159,160,161,-1,161,160,162,-1,161,162,163,-1,163,162,164,-1,165,166,5,-1,9,11,158,-1,158,11,167,-1,158,167,165,-1,168,169,170,-1,171,172,173,-1,173,172,174,-1,173,174,175,-1,176,177,178,-1,178,177,179,-1,178,179,180,-1,180,179,168,-1,180,168,181,-1,182,183,184,-1,184,183,185,-1,184,185,171,-1,170,169,186,-1,186,169,187,-1,186,187,188,-1,175,174,189,-1,189,174,190,-1,189,190,191,-1,192,190,193,-1,193,190,194,-1,187,191,188,-1,188,191,190,-1,188,190,195,-1,195,190,192,-1,196,197,195,-1,198,199,200,-1,201,202,195,-1,195,202,203,-1,197,204,195,-1,195,204,205,-1,195,205,188,-1,188,205,206,-1,188,206,207,-1,208,209,210,-1,210,209,211,-1,210,211,212,-1,201,195,200,-1,200,195,213,-1,200,213,198,-1,199,214,200,-1,200,214,215,-1,200,215,216,-1,203,217,195,-1,195,217,218,-1,195,218,219,-1,220,221,195,-1,195,221,222,-1,195,222,196,-1,219,223,195,-1,195,223,224,-1,195,224,220,-1,207,225,188,-1,188,225,226,-1,188,226,210,-1,210,226,227,-1,210,227,208,-1,228,229,230,-1,230,229,231,-1,230,231,232,-1,233,234,235,-1,236,237,235,-1,235,237,238,-1,235,238,233,-1,212,239,210,-1,210,239,240,-1,210,240,241,-1,242,243,235,-1,235,243,244,-1,235,244,236,-1,240,245,241,-1,241,245,246,-1,241,246,242,-1,242,246,247,-1,242,247,243,-1,248,249,250,-1,250,249,251,-1,252,253,250,-1,250,253,254,-1,251,255,250,-1,250,255,256,-1,250,256,252,-1,257,258,5,-1,5,258,259,-1,5,259,260,-1,164,162,166,-1,166,162,250,-1,166,250,5,-1,5,250,254,-1,5,254,257,-1,261,262,263,-1,263,262,264,-1,265,266,170,-1,170,266,172,-1,170,172,168,-1,168,172,171,-1,168,171,181,-1,181,171,185,-1,266,267,172,-1,172,267,268,-1,172,268,248,-1,248,268,269,-1,248,269,249,-1,270,271,272,-1,270,272,273,-1,274,275,276,-1,277,278,279,-1,280,274,281,-1,281,274,282,-1,283,284,285,-1,285,284,286,-1,285,286,287,-1,287,286,288,-1,289,290,288,-1,288,290,291,-1,288,291,287,-1,280,292,274,-1,274,292,293,-1,274,293,275,-1,294,295,210,-1,277,296,278,-1,278,296,297,-1,278,297,298,-1,298,297,299,-1,298,299,300,-1,301,302,272,-1,272,302,303,-1,272,303,273,-1,304,210,305,-1,305,210,295,-1,305,295,285,-1,285,295,306,-1,285,306,283,-1,304,307,210,-1,210,307,308,-1,210,308,309,-1,310,311,312,-1,312,311,313,-1,312,313,300,-1,300,313,314,-1,300,314,298,-1,315,316,288,-1,288,316,317,-1,288,317,318,-1,319,320,321,-1,321,320,322,-1,321,322,323,-1,318,324,288,-1,288,324,325,-1,288,325,289,-1,326,327,328,-1,328,327,329,-1,328,329,271,-1,319,310,320,-1,320,310,312,-1,320,312,330,-1,330,312,331,-1,330,331,332,-1,332,331,333,-1,332,333,334,-1,334,333,335,-1,336,335,329,-1,329,335,333,-1,329,333,271,-1,271,333,331,-1,271,331,272,-1,336,329,7,-1,7,329,337,-1,7,337,8,-1,338,339,8,-1,340,341,188,-1,342,343,8,-1,8,343,344,-1,309,277,210,-1,210,277,279,-1,210,279,188,-1,188,279,345,-1,188,345,340,-1,341,346,188,-1,188,346,347,-1,188,347,186,-1,186,347,348,-1,186,348,338,-1,349,350,339,-1,339,350,351,-1,339,351,8,-1,8,351,352,-1,8,352,342,-1,344,353,8,-1,8,353,354,-1,8,354,6,-1,355,356,357,-1,357,356,358,-1,357,358,359,-1,357,360,355,-1,355,360,361,-1,355,361,362,-1,362,363,355,-1,355,363,364,-1,355,364,365,-1,365,364,366,-1,365,366,367,-1,367,366,368,-1,367,368,339,-1,339,368,369,-1,339,369,349,-1,370,371,359,-1,359,371,372,-1,359,372,357,-1,373,374,323,-1,323,374,375,-1,323,375,321,-1,373,376,374,-1,374,376,377,-1,374,377,378,-1,378,377,379,-1,378,380,381,-1,379,382,378,-1,378,382,383,-1,378,383,384,-1,384,385,378,-1,378,385,386,-1,378,386,380,-1,381,387,378,-1,378,387,388,-1,378,388,389,-1,390,391,263,-1,263,391,392,-1,393,394,395,-1,264,265,263,-1,263,265,170,-1,263,170,390,-1,390,170,396,-1,390,396,397,-1,397,396,393,-1,397,393,398,-1,398,393,395,-1,399,400,8,-1,338,8,186,-1,186,8,400,-1,186,400,170,-1,170,400,401,-1,170,401,396,-1,402,403,399,-1,404,405,406,-1,406,405,407,-1,406,407,402,-1,402,399,406,-1,406,399,8,-1,406,8,408,-1,408,8,337,-1,408,337,409,-1,408,410,406,-1,406,410,411,-1,406,411,412,-1,413,414,415,-1,415,414,416,-1,415,416,337,-1,337,416,417,-1,337,417,409,-1,412,418,406,-1,406,418,419,-1,406,419,404,-1,420,421,422,-1,420,422,423,-1,421,424,422,-1,422,424,425,-1,422,425,415,-1,415,425,426,-1,415,426,413,-1,165,5,158,-1,158,5,4,-1,158,4,427,-1,427,428,158,-1,158,428,429,-1,158,429,430,-1,430,429,431,-1,430,431,432,-1,433,434,435,-1,435,434,436,-1,435,436,437,-1,437,436,429,-1,437,429,438,-1,438,429,428,-1,438,428,439,-1,439,428,440,-1,439,440,441,-1,441,440,442,-1,431,443,432,-1,432,443,444,-1,432,444,392,-1,392,444,3,-1,392,3,263,-1,263,3,5,-1,263,5,261,-1,261,5,260,-1,445,446,447,-1,448,159,449,-1,450,451,452,-1,452,451,453,-1,452,453,454,-1,161,157,159,-1,159,157,158,-1,159,158,449,-1,449,158,455,-1,456,457,158,-1,450,452,458,-1,458,452,455,-1,458,455,459,-1,454,460,452,-1,452,460,461,-1,452,461,462,-1,463,464,455,-1,455,464,465,-1,455,465,459,-1,158,457,455,-1,455,457,466,-1,455,466,463,-1,447,467,445,-1,445,467,448,-1,445,448,468,-1,468,448,449,-1,467,452,448,-1,448,452,462,-1,448,462,430,-1,430,462,469,-1,430,469,158,-1,158,469,470,-1,158,470,456,-1,471,448,472,-1,472,448,430,-1,472,430,473,-1,473,430,432,-1,473,432,422,-1,422,432,392,-1,422,392,423,-1,423,392,391,-1,160,474,162,-1,162,474,475,-1,162,475,250,-1,250,475,476,-1,250,476,248,-1,248,476,477,-1,248,477,172,-1,172,477,478,-1,172,478,174,-1,174,478,479,-1,174,479,190,-1,190,479,229,-1,190,229,194,-1,194,229,228,-1,480,471,481,-1,481,471,472,-1,481,472,482,-1,482,472,473,-1,482,473,483,-1,483,473,422,-1,483,422,484,-1,484,422,415,-1,484,415,485,-1,485,415,337,-1,485,337,486,-1,486,337,329,-1,486,329,487,-1,487,329,327,-1,487,327,488,-1,488,327,489,-1,488,489,57,-1,326,282,327,-1,327,282,274,-1,327,274,489,-1,489,274,490,-1,491,492,490,-1,490,492,493,-1,276,294,274,-1,274,294,210,-1,274,210,490,-1,490,210,241,-1,490,241,491,-1,491,241,494,-1,57,489,58,-1,58,489,490,-1,58,490,66,-1,66,490,493,-1,66,493,18,-1,18,493,495,-1,18,495,241,-1,241,495,496,-1,241,496,494,-1,497,498,499,-1,499,498,491,-1,499,491,500,-1,500,491,494,-1,500,494,501,-1,501,494,502,-1,503,504,505,-1,506,507,14,-1,14,507,503,-1,14,503,242,-1,242,503,505,-1,242,505,241,-1,241,505,508,-1,241,508,18,-1,18,508,506,-1,18,506,14,-1,234,232,235,-1,235,232,231,-1,235,231,242,-1,242,231,509,-1,242,509,14,-1,14,509,25,-1,14,25,12,-1,12,25,24,-1,0,2,510,-1,510,2,44,-1,510,44,511,-1,511,44,48,-1,511,48,512,-1,512,48,31,-1,512,31,513,-1,513,31,29,-1,513,29,514,-1,474,515,475,-1,475,515,516,-1,475,516,476,-1,476,516,517,-1,476,517,477,-1,477,517,518,-1,477,518,478,-1,478,518,519,-1,478,519,479,-1,479,519,520,-1,479,520,229,-1,229,520,521,-1,229,521,231,-1,231,521,522,-1,231,522,509,-1,509,522,523,-1,509,523,25,-1,25,523,524,-1,25,524,29,-1,29,524,525,-1,29,525,514,-1,514,525,526,-1,527,528,529,-1,527,529,530,-1,530,529,531,-1,530,531,532,-1,532,531,533,-1,532,533,534,-1,534,533,535,-1,534,535,536,-1,536,535,537,-1,536,537,538,-1,538,537,539,-1,538,539,540,-1,541,542,539,-1,539,542,540,-1,542,541,543,-1,542,543,544,-1,544,543,545,-1,544,545,546,-1,546,545,547,-1,546,547,548,-1,548,547,549,-1,548,549,550,-1,550,549,551,-1,550,551,552,-1,552,551,515,-1,552,515,480,-1,0,526,553,-1,0,553,554,-1,554,553,555,-1,554,555,556,-1,556,555,557,-1,556,557,558,-1,558,557,559,-1,558,559,560,-1,560,559,561,-1,560,561,562,-1,562,561,563,-1,562,563,564,-1,565,566,563,-1,563,566,564,-1,566,565,567,-1,566,567,568,-1,568,567,569,-1,568,569,570,-1,570,569,571,-1,570,571,572,-1,572,571,573,-1,572,573,574,-1,574,573,575,-1,574,575,576,-1,576,575,577,-1,576,577,578,-1,528,527,577,-1,577,527,578,-1,560,562,579,-1,579,562,564,-1,579,564,580,-1,580,564,566,-1,580,566,568,-1,550,552,581,-1,581,552,480,-1,581,480,579,-1,579,480,0,-1,579,0,554,-1,568,570,580,-1,580,570,572,-1,580,572,574,-1,554,556,579,-1,579,556,558,-1,579,558,560,-1,536,538,582,-1,582,538,540,-1,582,540,581,-1,581,540,542,-1,581,542,544,-1,574,576,580,-1,580,576,578,-1,580,578,582,-1,582,578,527,-1,582,527,530,-1,544,546,581,-1,581,546,548,-1,581,548,550,-1,530,532,582,-1,582,532,534,-1,582,534,536,-1,583,584,585,-1,585,584,586,-1,585,586,587,-1,588,589,590,-1,590,589,591,-1,590,591,592,-1,593,594,583,-1,583,594,595,-1,583,595,596,-1,587,597,585,-1,585,597,598,-1,585,598,599,-1,596,600,583,-1,583,600,601,-1,583,601,584,-1,592,602,590,-1,590,602,603,-1,590,603,583,-1,583,603,604,-1,583,604,593,-1,605,606,588,-1,588,606,607,-1,588,607,589,-1,599,608,585,-1,585,608,609,-1,585,609,588,-1,588,609,610,-1,588,610,605,-1,583,585,611,-1,583,611,612,-1,612,611,613,-1,612,613,614,-1,614,613,615,-1,614,615,616,-1,616,615,617,-1,616,617,618,-1,618,617,619,-1,618,619,620,-1,620,619,565,-1,620,565,563,-1,561,559,621,-1,621,559,622,-1,621,622,623,-1,623,622,624,-1,623,624,625,-1,625,624,626,-1,625,626,627,-1,627,626,628,-1,627,628,629,-1,629,628,630,-1,629,630,583,-1,559,557,622,-1,622,557,631,-1,622,631,624,-1,624,631,632,-1,624,632,626,-1,626,632,633,-1,626,633,628,-1,628,633,634,-1,628,634,630,-1,630,634,635,-1,630,635,583,-1,563,561,620,-1,620,561,621,-1,620,621,618,-1,618,621,623,-1,618,623,616,-1,616,623,625,-1,616,625,614,-1,614,625,627,-1,614,627,612,-1,612,627,629,-1,612,629,583,-1,555,553,636,-1,636,553,637,-1,636,637,638,-1,638,637,639,-1,638,639,640,-1,640,639,641,-1,640,641,642,-1,642,641,643,-1,642,643,644,-1,644,643,645,-1,644,645,583,-1,553,526,637,-1,637,526,646,-1,637,646,639,-1,639,646,647,-1,639,647,641,-1,641,647,648,-1,641,648,643,-1,643,648,649,-1,643,649,645,-1,645,649,650,-1,645,650,583,-1,557,555,631,-1,631,555,636,-1,631,636,632,-1,632,636,638,-1,632,638,633,-1,633,638,640,-1,633,640,634,-1,634,640,642,-1,634,642,635,-1,635,642,644,-1,635,644,583,-1,575,573,651,-1,651,573,652,-1,651,652,653,-1,653,652,654,-1,653,654,655,-1,655,654,656,-1,655,656,657,-1,657,656,658,-1,657,658,659,-1,659,658,660,-1,659,660,585,-1,573,571,652,-1,652,571,661,-1,652,661,654,-1,654,661,662,-1,654,662,656,-1,656,662,663,-1,656,663,658,-1,658,663,664,-1,658,664,660,-1,660,664,665,-1,660,665,585,-1,577,575,666,-1,666,575,651,-1,666,651,667,-1,667,651,653,-1,667,653,668,-1,668,653,655,-1,668,655,669,-1,669,655,657,-1,669,657,670,-1,670,657,659,-1,670,659,585,-1,569,567,671,-1,671,567,672,-1,671,672,673,-1,673,672,674,-1,673,674,675,-1,675,674,676,-1,675,676,677,-1,677,676,678,-1,677,678,679,-1,679,678,680,-1,679,680,585,-1,567,565,672,-1,672,565,619,-1,672,619,674,-1,674,619,617,-1,674,617,676,-1,676,617,615,-1,676,615,678,-1,678,615,613,-1,678,613,680,-1,680,613,611,-1,680,611,585,-1,571,569,661,-1,661,569,671,-1,661,671,662,-1,662,671,673,-1,662,673,663,-1,663,673,675,-1,663,675,664,-1,664,675,677,-1,664,677,665,-1,665,677,679,-1,665,679,585,-1,590,583,650,-1,590,650,681,-1,681,650,649,-1,681,649,682,-1,682,649,648,-1,682,648,683,-1,683,648,647,-1,683,647,684,-1,684,647,646,-1,684,646,685,-1,685,646,526,-1,685,526,515,-1,585,588,686,-1,585,686,670,-1,670,686,687,-1,670,687,669,-1,669,687,688,-1,669,688,668,-1,668,688,689,-1,668,689,667,-1,667,689,690,-1,667,690,666,-1,666,690,528,-1,666,528,577,-1,551,549,691,-1,691,549,692,-1,691,692,693,-1,693,692,694,-1,693,694,695,-1,695,694,696,-1,695,696,697,-1,697,696,698,-1,697,698,699,-1,699,698,700,-1,699,700,590,-1,549,547,692,-1,692,547,701,-1,692,701,694,-1,694,701,702,-1,694,702,696,-1,696,702,703,-1,696,703,698,-1,698,703,704,-1,698,704,700,-1,700,704,705,-1,700,705,590,-1,515,551,685,-1,685,551,691,-1,685,691,684,-1,684,691,693,-1,684,693,683,-1,683,693,695,-1,683,695,682,-1,682,695,697,-1,682,697,681,-1,681,697,699,-1,681,699,590,-1,545,543,706,-1,706,543,707,-1,706,707,708,-1,708,707,709,-1,708,709,710,-1,710,709,711,-1,710,711,712,-1,712,711,713,-1,712,713,714,-1,714,713,715,-1,714,715,590,-1,543,541,707,-1,707,541,716,-1,707,716,709,-1,709,716,717,-1,709,717,711,-1,711,717,718,-1,711,718,713,-1,713,718,719,-1,713,719,715,-1,715,719,720,-1,715,720,590,-1,547,545,701,-1,701,545,706,-1,701,706,702,-1,702,706,708,-1,702,708,703,-1,703,708,710,-1,703,710,704,-1,704,710,712,-1,704,712,705,-1,705,712,714,-1,705,714,590,-1,537,535,721,-1,721,535,722,-1,721,722,723,-1,723,722,724,-1,723,724,725,-1,725,724,726,-1,725,726,727,-1,727,726,728,-1,727,728,729,-1,729,728,730,-1,729,730,588,-1,535,533,722,-1,722,533,731,-1,722,731,724,-1,724,731,732,-1,724,732,726,-1,726,732,733,-1,726,733,728,-1,728,733,734,-1,728,734,730,-1,730,734,735,-1,730,735,588,-1,539,537,736,-1,736,537,721,-1,736,721,737,-1,737,721,723,-1,737,723,738,-1,738,723,725,-1,738,725,739,-1,739,725,727,-1,739,727,740,-1,740,727,729,-1,740,729,588,-1,531,529,741,-1,741,529,742,-1,741,742,743,-1,743,742,744,-1,743,744,745,-1,745,744,746,-1,745,746,747,-1,747,746,748,-1,747,748,749,-1,749,748,750,-1,749,750,588,-1,529,528,742,-1,742,528,690,-1,742,690,744,-1,744,690,689,-1,744,689,746,-1,746,689,688,-1,746,688,748,-1,748,688,687,-1,748,687,750,-1,750,687,686,-1,750,686,588,-1,533,531,731,-1,731,531,741,-1,731,741,732,-1,732,741,743,-1,732,743,733,-1,733,743,745,-1,733,745,734,-1,734,745,747,-1,734,747,735,-1,735,747,749,-1,735,749,588,-1,588,590,720,-1,588,720,740,-1,740,720,719,-1,740,719,739,-1,739,719,718,-1,739,718,738,-1,738,718,717,-1,738,717,737,-1,737,717,716,-1,737,716,736,-1,736,716,541,-1,736,541,539,-1,751,752,582,-1,582,752,753,-1,582,753,580,-1,580,753,754,-1,580,754,755,-1,756,579,757,-1,757,579,580,-1,757,580,758,-1,758,580,755,-1,756,759,579,-1,579,759,760,-1,579,760,761,-1,761,762,579,-1,579,762,763,-1,579,763,581,-1,581,763,764,-1,581,764,765,-1,766,751,582,-1,581,765,767,-1,767,768,581,-1,581,768,769,-1,581,769,582,-1,582,769,770,-1,582,770,766,-1,756,757,771,-1,758,772,773,-1,757,774,775,-1,775,776,757,-1,757,776,777,-1,757,777,771,-1,771,777,778,-1,771,778,779,-1,773,780,758,-1,758,780,781,-1,758,781,757,-1,757,781,782,-1,757,782,774,-1,783,784,785,-1,784,786,785,-1,785,786,787,-1,785,787,758,-1,758,787,788,-1,758,788,772,-1,789,790,791,-1,791,790,792,-1,791,792,793,-1,793,792,794,-1,793,794,795,-1,779,796,771,-1,771,796,797,-1,771,797,791,-1,791,797,798,-1,791,798,789,-1,799,800,801,-1,802,803,804,-1,804,803,805,-1,806,807,808,-1,808,807,809,-1,808,809,810,-1,810,809,811,-1,810,811,812,-1,800,813,801,-1,801,813,814,-1,801,814,808,-1,808,814,815,-1,808,815,806,-1,816,817,756,-1,818,819,759,-1,818,759,820,-1,817,821,756,-1,756,821,822,-1,756,822,759,-1,759,822,823,-1,759,823,820,-1,812,824,810,-1,810,824,825,-1,810,825,756,-1,756,825,826,-1,756,826,816,-1,827,828,758,-1,829,830,755,-1,830,831,755,-1,755,831,832,-1,755,832,758,-1,758,832,833,-1,758,833,827,-1,834,835,754,-1,754,835,836,-1,754,836,755,-1,755,836,837,-1,755,837,829,-1,838,839,753,-1,828,840,758,-1,758,840,841,-1,758,841,785,-1,785,841,842,-1,785,842,843,-1,843,844,785,-1,785,844,793,-1,785,793,783,-1,783,793,795,-1,844,845,793,-1,793,845,846,-1,793,846,847,-1,839,848,753,-1,753,848,849,-1,753,849,754,-1,754,849,850,-1,754,850,834,-1,851,793,753,-1,753,793,847,-1,753,847,838,-1,851,852,793,-1,793,852,853,-1,793,853,854,-1,855,856,857,-1,857,856,858,-1,857,858,859,-1,860,861,752,-1,752,861,862,-1,752,862,863,-1,859,864,857,-1,857,864,865,-1,857,865,866,-1,867,868,753,-1,753,868,869,-1,753,869,851,-1,863,870,752,-1,752,870,871,-1,752,871,753,-1,753,871,872,-1,753,872,867,-1,866,873,857,-1,857,873,874,-1,857,874,752,-1,752,874,875,-1,752,875,860,-1,756,771,810,-1,810,771,791,-1,810,791,808,-1,808,791,876,-1,808,876,877,-1,877,878,808,-1,808,878,879,-1,808,879,880,-1,881,882,883,-1,884,885,886,-1,886,885,887,-1,888,889,791,-1,791,889,890,-1,882,891,883,-1,883,891,892,-1,883,892,893,-1,890,894,791,-1,791,894,895,-1,791,895,876,-1,893,896,883,-1,883,896,897,-1,883,897,885,-1,885,897,898,-1,885,898,887,-1,884,899,885,-1,885,899,900,-1,885,900,901,-1,854,855,793,-1,793,855,857,-1,793,857,791,-1,791,857,885,-1,791,885,888,-1,888,885,901,-1,880,881,808,-1,808,881,883,-1,808,883,801,-1,801,883,902,-1,819,802,759,-1,759,802,804,-1,759,804,760,-1,760,804,903,-1,760,903,761,-1,805,799,804,-1,804,799,801,-1,804,801,903,-1,903,801,904,-1,905,904,906,-1,906,904,907,-1,905,908,904,-1,904,908,909,-1,904,909,910,-1,910,909,911,-1,910,911,912,-1,912,913,910,-1,910,913,914,-1,910,914,915,-1,916,917,902,-1,902,917,918,-1,902,918,919,-1,915,920,910,-1,910,920,921,-1,910,921,902,-1,902,921,922,-1,902,922,916,-1,923,924,801,-1,801,924,925,-1,801,925,904,-1,904,925,926,-1,904,926,907,-1,919,927,902,-1,902,927,928,-1,902,928,801,-1,801,928,929,-1,801,929,923,-1,761,903,762,-1,762,903,904,-1,762,904,763,-1,763,904,910,-1,763,910,764,-1,752,751,857,-1,857,751,766,-1,857,766,885,-1,885,766,770,-1,885,770,883,-1,883,770,769,-1,883,769,902,-1,902,769,768,-1,902,768,910,-1,910,768,767,-1,910,767,764,-1,764,767,765,-1,
        ]
    }
}
Shape{
    appearance Appearance {
        material  Material 	{
            diffuseColor 0.7529411764705882 0.7529411764705882 0.7529411764705882
            specularColor 0.3764705882352941 0.3764705882352941 0.3764705882352941
            ambientIntensity 0.7529
            transparency 0.0
            shininess 0.5
        }
    }
    geometry IndexedFaceSet {
        ccw TRUE
        solid FALSE
        coord DEF co Coordinate {
            point [
                -3.8031 1.002 0.1969, -3.8099 1.0529 -1.6929, -3.8099 1.0529 0.1969, -3.8295 1.1004 -1.6929, -3.8295 1.1004 0.1969, -3.8608 1.1412 -1.6929, -3.8608 1.1412 0.1969, -3.9016 1.1724 -1.6929, -3.9016 1.1724 0.1969, -3.9491 1.1921 -1.6929, -3.9491 1.1921 0.1969, -4.0 1.1988 -1.6929, -4.0 1.1988 0.1969, -4.0509 1.1921 -1.6929, -4.0509 1.1921 0.1969, -4.0984 1.1724 -1.6929, -4.0984 1.1724 0.1969, -4.1392 1.1412 -1.6929, -4.1392 1.1412 0.1969, -4.1705 1.1004 -1.6929, -4.1705 1.1004 0.1969, -4.1901 1.0529 -1.6929, -4.1901 1.0529 0.1969, -4.1969 1.002 -1.6929, -4.1969 1.002 0.1969, -4.1901 0.951 -1.6929, -4.1901 0.951 0.1969, -4.1705 0.9035 -1.6929, -4.1705 0.9035 0.1969, -4.1392 0.8628 -1.6929, -4.1392 0.8628 0.1969, -4.0984 0.8315 -1.6929, -4.0984 0.8315 0.1969, -4.0509 0.8118 -1.6929, -4.0509 0.8118 0.1969, -4.0 0.8051 -1.6929, -4.0 0.8051 0.1969, -3.9491 0.8118 -1.6929, -3.9491 0.8118 0.1969, -3.9016 0.8315 -1.6929, -3.9016 0.8315 0.1969, -3.8608 0.8628 -1.6929, -3.8608 0.8628 0.1969, -3.8295 0.9035 -1.6929, -3.8295 0.9035 0.1969, -3.8099 0.951 -1.6929, -3.8099 0.951 0.1969, -3.8031 1.002 -1.6929, -4.1023 0.9429 -1.7716, -4.1141 0.9714 -1.7716, -4.0 1.002 -1.7716, -4.1181 1.002 -1.7716, -4.1141 1.0325 -1.7716, -4.0306 0.8879 -1.7716, -4.0591 0.8997 -1.7716, -4.0835 0.9185 -1.7716, -3.9409 0.8997 -1.7716, -3.9694 0.8879 -1.7716, -4.0 0.8839 -1.7716, -3.8859 0.9714 -1.7716, -3.8977 0.9429 -1.7716, -3.9165 0.9185 -1.7716, -3.8977 1.061 -1.7716, -3.8859 1.0325 -1.7716, -3.8819 1.002 -1.7716, -3.9694 1.1161 -1.7716, -3.9409 1.1043 -1.7716, -3.9165 1.0855 -1.7716, -4.0591 1.1043 -1.7716, -4.0306 1.1161 -1.7716, -4.0 1.1201 -1.7716, -4.1023 1.061 -1.7716, -4.0835 1.0855 -1.7716, -3.8031 -0.998 0.1969, -3.8099 -0.9471 -1.6929, -3.8099 -0.9471 0.1969, -3.8295 -0.8996 -1.6929, -3.8295 -0.8996 0.1969, -3.8608 -0.8588 -1.6929, -3.8608 -0.8588 0.1969, -3.9016 -0.8276 -1.6929, -3.9016 -0.8276 0.1969, -3.9491 -0.8079 -1.6929, -3.9491 -0.8079 0.1969, -4.0 -0.8012 -1.6929, -4.0 -0.8012 0.1969, -4.0509 -0.8079 -1.6929, -4.0509 -0.8079 0.1969, -4.0984 -0.8276 -1.6929, -4.0984 -0.8276 0.1969, -4.1392 -0.8588 -1.6929, -4.1392 -0.8588 0.1969, -4.1705 -0.8996 -1.6929, -4.1705 -0.8996 0.1969, -4.1901 -0.9471 -1.6929, -4.1901 -0.9471 0.1969, -4.1969 -0.998 -1.6929, -4.1969 -0.998 0.1969, -4.1901 -1.049 -1.6929, -4.1901 -1.049 0.1969, -4.1705 -1.0965 -1.6929, -4.1705 -1.0965 0.1969, -4.1392 -1.1372 -1.6929, -4.1392 -1.1372 0.1969, -4.0984 -1.1685 -1.6929, -4.0984 -1.1685 0.1969, -4.0509 -1.1882 -1.6929, -4.0509 -1.1882 0.1969, -4.0 -1.1949 -1.6929, -4.0 -1.1949 0.1969, -3.9491 -1.1882 -1.6929, -3.9491 -1.1882 0.1969, -3.9016 -1.1685 -1.6929, -3.9016 -1.1685 0.1969, -3.8608 -1.1372 -1.6929, -3.8608 -1.1372 0.1969, -3.8295 -1.0965 -1.6929, -3.8295 -1.0965 0.1969, -3.8099 -1.049 -1.6929, -3.8099 -1.049 0.1969, -3.8031 -0.998 -1.6929, -4.1023 -1.0571 -1.7716, -4.1141 -1.0286 -1.7716, -4.0 -0.998 -1.7716, -4.1181 -0.998 -1.7716, -4.1141 -0.9675 -1.7716, -4.0306 -1.1121 -1.7716, -4.0591 -1.1003 -1.7716, -4.0835 -1.0815 -1.7716, -3.9409 -1.1003 -1.7716, -3.9694 -1.1121 -1.7716, -4.0 -1.1161 -1.7716, -3.8859 -1.0286 -1.7716, -3.8977 -1.0571 -1.7716, -3.9165 -1.0815 -1.7716, -3.8977 -0.939 -1.7716, -3.8859 -0.9675 -1.7716, -3.8819 -0.998 -1.7716, -3.9694 -0.8839 -1.7716, -3.9409 -0.8957 -1.7716, -3.9165 -0.9145 -1.7716, -4.0591 -0.8957 -1.7716, -4.0306 -0.8839 -1.7716, -4.0 -0.8799 -1.7716, -4.1023 -0.939 -1.7716, -4.0835 -0.9145 -1.7716, 4.1969 -3.998 0.1969, 4.1901 -3.9471 -1.6929, 4.1901 -3.9471 0.1969, 4.1705 -3.8996 -1.6929, 4.1705 -3.8996 0.1969, 4.1392 -3.8588 -1.6929, 4.1392 -3.8588 0.1969, 4.0984 -3.8276 -1.6929, 4.0984 -3.8276 0.1969, 4.0509 -3.8079 -1.6929, 4.0509 -3.8079 0.1969, 4.0 -3.8012 -1.6929, 4.0 -3.8012 0.1969, 3.9491 -3.8079 -1.6929, 3.9491 -3.8079 0.1969, 3.9016 -3.8276 -1.6929, 3.9016 -3.8276 0.1969, 3.8608 -3.8588 -1.6929, 3.8608 -3.8588 0.1969, 3.8295 -3.8996 -1.6929, 3.8295 -3.8996 0.1969, 3.8099 -3.9471 -1.6929, 3.8099 -3.9471 0.1969, 3.8031 -3.998 -1.6929, 3.8031 -3.998 0.1969, 3.8099 -4.049 -1.6929, 3.8099 -4.049 0.1969, 3.8295 -4.0965 -1.6929, 3.8295 -4.0965 0.1969, 3.8608 -4.1372 -1.6929, 3.8608 -4.1372 0.1969, 3.9016 -4.1685 -1.6929, 3.9016 -4.1685 0.1969, 3.9491 -4.1882 -1.6929, 3.9491 -4.1882 0.1969, 4.0 -4.1949 -1.6929, 4.0 -4.1949 0.1969, 4.0509 -4.1882 -1.6929, 4.0509 -4.1882 0.1969, 4.0984 -4.1685 -1.6929, 4.0984 -4.1685 0.1969, 4.1392 -4.1372 -1.6929, 4.1392 -4.1372 0.1969, 4.1705 -4.0965 -1.6929, 4.1705 -4.0965 0.1969, 4.1901 -4.049 -1.6929, 4.1901 -4.049 0.1969, 4.1969 -3.998 -1.6929, 3.8977 -4.0571 -1.7716, 3.8859 -4.0286 -1.7716, 4.0 -3.998 -1.7716, 3.8819 -3.998 -1.7716, 3.8859 -3.9675 -1.7716, 3.9694 -4.1121 -1.7716, 3.9409 -4.1003 -1.7716, 3.9165 -4.0815 -1.7716, 4.0591 -4.1003 -1.7716, 4.0306 -4.1121 -1.7716, 4.0 -4.1161 -1.7716, 4.1141 -4.0286 -1.7716, 4.1023 -4.0571 -1.7716, 4.0835 -4.0815 -1.7716, 4.1023 -3.939 -1.7716, 4.1141 -3.9675 -1.7716, 4.1181 -3.998 -1.7716, 4.0306 -3.8839 -1.7716, 4.0591 -3.8957 -1.7716, 4.0835 -3.9145 -1.7716, 3.9409 -3.8957 -1.7716, 3.9694 -3.8839 -1.7716, 4.0 -3.8799 -1.7716, 3.8977 -3.939 -1.7716, 3.9165 -3.9145 -1.7716, 4.1969 4.002 0.1969, 4.1901 4.0529 -1.6929, 4.1901 4.0529 0.1969, 4.1705 4.1004 -1.6929, 4.1705 4.1004 0.1969, 4.1392 4.1412 -1.6929, 4.1392 4.1412 0.1969, 4.0984 4.1724 -1.6929, 4.0984 4.1724 0.1969, 4.0509 4.1921 -1.6929, 4.0509 4.1921 0.1969, 4.0 4.1988 -1.6929, 4.0 4.1988 0.1969, 3.9491 4.1921 -1.6929, 3.9491 4.1921 0.1969, 3.9016 4.1724 -1.6929, 3.9016 4.1724 0.1969, 3.8608 4.1412 -1.6929, 3.8608 4.1412 0.1969, 3.8295 4.1004 -1.6929, 3.8295 4.1004 0.1969, 3.8099 4.0529 -1.6929, 3.8099 4.0529 0.1969, 3.8031 4.002 -1.6929, 3.8031 4.002 0.1969, 3.8099 3.951 -1.6929, 3.8099 3.951 0.1969, 3.8295 3.9035 -1.6929, 3.8295 3.9035 0.1969, 3.8608 3.8628 -1.6929, 3.8608 3.8628 0.1969, 3.9016 3.8315 -1.6929, 3.9016 3.8315 0.1969, 3.9491 3.8118 -1.6929, 3.9491 3.8118 0.1969, 4.0 3.8051 -1.6929, 4.0 3.8051 0.1969, 4.0509 3.8118 -1.6929, 4.0509 3.8118 0.1969, 4.0984 3.8315 -1.6929, 4.0984 3.8315 0.1969, 4.1392 3.8628 -1.6929, 4.1392 3.8628 0.1969, 4.1705 3.9035 -1.6929, 4.1705 3.9035 0.1969, 4.1901 3.951 -1.6929, 4.1901 3.951 0.1969, 4.1969 4.002 -1.6929, 3.8977 3.9429 -1.7716, 3.8859 3.9714 -1.7716, 4.0 4.002 -1.7716, 3.8819 4.002 -1.7716, 3.8859 4.0325 -1.7716, 3.9694 3.8879 -1.7716, 3.9409 3.8997 -1.7716, 3.9165 3.9185 -1.7716, 4.0591 3.8997 -1.7716, 4.0306 3.8879 -1.7716, 4.0 3.8839 -1.7716, 4.1141 3.9714 -1.7716, 4.1023 3.9429 -1.7716, 4.0835 3.9185 -1.7716, 4.1023 4.061 -1.7716, 4.1141 4.0325 -1.7716, 4.1181 4.002 -1.7716, 4.0306 4.1161 -1.7716, 4.0591 4.1043 -1.7716, 4.0835 4.0855 -1.7716, 3.9409 4.1043 -1.7716, 3.9694 4.1161 -1.7716, 4.0 4.1201 -1.7716, 3.8977 4.061 -1.7716, 3.9165 4.0855 -1.7716, 4.1969 0.002 0.1969, 4.1901 0.0529 -1.6929, 4.1901 0.0529 0.1969, 4.1705 0.1004 -1.6929, 4.1705 0.1004 0.1969, 4.1392 0.1412 -1.6929, 4.1392 0.1412 0.1969, 4.0984 0.1724 -1.6929, 4.0984 0.1724 0.1969, 4.0509 0.1921 -1.6929, 4.0509 0.1921 0.1969, 4.0 0.1988 -1.6929, 4.0 0.1988 0.1969, 3.9491 0.1921 -1.6929, 3.9491 0.1921 0.1969, 3.9016 0.1724 -1.6929, 3.9016 0.1724 0.1969, 3.8608 0.1412 -1.6929, 3.8608 0.1412 0.1969, 3.8295 0.1004 -1.6929, 3.8295 0.1004 0.1969, 3.8099 0.0529 -1.6929, 3.8099 0.0529 0.1969, 3.8031 0.002 -1.6929, 3.8031 0.002 0.1969, 3.8099 -0.049 -1.6929, 3.8099 -0.049 0.1969, 3.8295 -0.0965 -1.6929, 3.8295 -0.0965 0.1969, 3.8608 -0.1372 -1.6929, 3.8608 -0.1372 0.1969, 3.9016 -0.1685 -1.6929, 3.9016 -0.1685 0.1969, 3.9491 -0.1882 -1.6929, 3.9491 -0.1882 0.1969, 4.0 -0.1949 -1.6929, 4.0 -0.1949 0.1969, 4.0509 -0.1882 -1.6929, 4.0509 -0.1882 0.1969, 4.0984 -0.1685 -1.6929, 4.0984 -0.1685 0.1969, 4.1392 -0.1372 -1.6929, 4.1392 -0.1372 0.1969, 4.1705 -0.0965 -1.6929, 4.1705 -0.0965 0.1969, 4.1901 -0.049 -1.6929, 4.1901 -0.049 0.1969, 4.1969 0.002 -1.6929, 3.8977 -0.0571 -1.7716, 3.8859 -0.0286 -1.7716, 4.0 0.002 -1.7716, 3.8819 0.002 -1.7716, 3.8859 0.0325 -1.7716, 3.9694 -0.1121 -1.7716, 3.9409 -0.1003 -1.7716, 3.9165 -0.0815 -1.7716, 4.0591 -0.1003 -1.7716, 4.0306 -0.1121 -1.7716, 4.0 -0.1161 -1.7716, 4.1141 -0.0286 -1.7716, 4.1023 -0.0571 -1.7716, 4.0835 -0.0815 -1.7716, 4.1023 0.061 -1.7716, 4.1141 0.0325 -1.7716, 4.1181 0.002 -1.7716, 4.0306 0.1161 -1.7716, 4.0591 0.1043 -1.7716, 4.0835 0.0855 -1.7716, 3.9409 0.1043 -1.7716, 3.9694 0.1161 -1.7716, 4.0 0.1201 -1.7716, 3.8977 0.061 -1.7716, 3.9165 0.0855 -1.7716, -3.8031 4.002 0.1969, -3.8099 4.0529 -1.6929, -3.8099 4.0529 0.1969, -3.8295 4.1004 -1.6929, -3.8295 4.1004 0.1969, -3.8608 4.1412 -1.6929, -3.8608 4.1412 0.1969, -3.9016 4.1724 -1.6929, -3.9016 4.1724 0.1969, -3.9491 4.1921 -1.6929, -3.9491 4.1921 0.1969, -4.0 4.1988 -1.6929, -4.0 4.1988 0.1969, -4.0509 4.1921 -1.6929, -4.0509 4.1921 0.1969, -4.0984 4.1724 -1.6929, -4.0984 4.1724 0.1969, -4.1392 4.1412 -1.6929, -4.1392 4.1412 0.1969, -4.1705 4.1004 -1.6929, -4.1705 4.1004 0.1969, -4.1901 4.0529 -1.6929, -4.1901 4.0529 0.1969, -4.1969 4.002 -1.6929, -4.1969 4.002 0.1969, -4.1901 3.951 -1.6929, -4.1901 3.951 0.1969, -4.1705 3.9035 -1.6929, -4.1705 3.9035 0.1969, -4.1392 3.8628 -1.6929, -4.1392 3.8628 0.1969, -4.0984 3.8315 -1.6929, -4.0984 3.8315 0.1969, -4.0509 3.8118 -1.6929, -4.0509 3.8118 0.1969, -4.0 3.8051 -1.6929, -4.0 3.8051 0.1969, -3.9491 3.8118 -1.6929, -3.9491 3.8118 0.1969, -3.9016 3.8315 -1.6929, -3.9016 3.8315 0.1969, -3.8608 3.8628 -1.6929, -3.8608 3.8628 0.1969, -3.8295 3.9035 -1.6929, -3.8295 3.9035 0.1969, -3.8099 3.951 -1.6929, -3.8099 3.951 0.1969, -3.8031 4.002 -1.6929, -4.1023 3.9429 -1.7716, -4.1141 3.9714 -1.7716, -4.0 4.002 -1.7716, -4.1181 4.002 -1.7716, -4.1141 4.0325 -1.7716, -4.0306 3.8879 -1.7716, -4.0591 3.8997 -1.7716, -4.0835 3.9185 -1.7716, -3.9409 3.8997 -1.7716, -3.9694 3.8879 -1.7716, -4.0 3.8839 -1.7716, -3.8859 3.9714 -1.7716, -3.8977 3.9429 -1.7716, -3.9165 3.9185 -1.7716, -3.8977 4.061 -1.7716, -3.8859 4.0325 -1.7716, -3.8819 4.002 -1.7716, -3.9694 4.1161 -1.7716, -3.9409 4.1043 -1.7716, -3.9165 4.0855 -1.7716, -4.0591 4.1043 -1.7716, -4.0306 4.1161 -1.7716, -4.0 4.1201 -1.7716, -4.1023 4.061 -1.7716, -4.0835 4.0855 -1.7716
            ]
        }
        coordIndex [
            0,1,2,-1,2,1,3,-1,2,3,4,-1,4,3,5,-1,4,5,6,-1,6,5,7,-1,6,7,8,-1,8,7,9,-1,8,9,10,-1,10,9,11,-1,10,11,12,-1,12,11,13,-1,12,13,14,-1,14,13,15,-1,14,15,16,-1,16,15,17,-1,16,17,18,-1,18,17,19,-1,18,19,20,-1,20,19,21,-1,20,21,22,-1,22,21,23,-1,22,23,24,-1,24,23,25,-1,24,25,26,-1,26,25,27,-1,26,27,28,-1,28,27,29,-1,28,29,30,-1,30,29,31,-1,30,31,32,-1,32,31,33,-1,32,33,34,-1,34,33,35,-1,34,35,36,-1,36,35,37,-1,36,37,38,-1,38,37,39,-1,38,39,40,-1,40,39,41,-1,40,41,42,-1,42,41,43,-1,42,43,44,-1,44,43,45,-1,44,45,46,-1,46,45,47,-1,46,47,0,-1,0,47,1,-1,48,49,50,-1,50,49,51,-1,50,51,52,-1,53,54,50,-1,50,54,55,-1,50,55,48,-1,56,57,50,-1,50,57,58,-1,50,58,53,-1,59,60,50,-1,50,60,61,-1,50,61,56,-1,62,63,50,-1,50,63,64,-1,50,64,59,-1,65,66,50,-1,50,66,67,-1,50,67,62,-1,68,69,50,-1,50,69,70,-1,50,70,65,-1,52,71,50,-1,50,71,72,-1,50,72,68,-1,73,74,75,-1,75,74,76,-1,75,76,77,-1,77,76,78,-1,77,78,79,-1,79,78,80,-1,79,80,81,-1,81,80,82,-1,81,82,83,-1,83,82,84,-1,83,84,85,-1,85,84,86,-1,85,86,87,-1,87,86,88,-1,87,88,89,-1,89,88,90,-1,89,90,91,-1,91,90,92,-1,91,92,93,-1,93,92,94,-1,93,94,95,-1,95,94,96,-1,95,96,97,-1,97,96,98,-1,97,98,99,-1,99,98,100,-1,99,100,101,-1,101,100,102,-1,101,102,103,-1,103,102,104,-1,103,104,105,-1,105,104,106,-1,105,106,107,-1,107,106,108,-1,107,108,109,-1,109,108,110,-1,109,110,111,-1,111,110,112,-1,111,112,113,-1,113,112,114,-1,113,114,115,-1,115,114,116,-1,115,116,117,-1,117,116,118,-1,117,118,119,-1,119,118,120,-1,119,120,73,-1,73,120,74,-1,121,122,123,-1,123,122,124,-1,123,124,125,-1,126,127,123,-1,123,127,128,-1,123,128,121,-1,129,130,123,-1,123,130,131,-1,123,131,126,-1,132,133,123,-1,123,133,134,-1,123,134,129,-1,135,136,123,-1,123,136,137,-1,123,137,132,-1,138,139,123,-1,123,139,140,-1,123,140,135,-1,141,142,123,-1,123,142,143,-1,123,143,138,-1,125,144,123,-1,123,144,145,-1,123,145,141,-1,146,147,148,-1,148,147,149,-1,148,149,150,-1,150,149,151,-1,150,151,152,-1,152,151,153,-1,152,153,154,-1,154,153,155,-1,154,155,156,-1,156,155,157,-1,156,157,158,-1,158,157,159,-1,158,159,160,-1,160,159,161,-1,160,161,162,-1,162,161,163,-1,162,163,164,-1,164,163,165,-1,164,165,166,-1,166,165,167,-1,166,167,168,-1,168,167,169,-1,168,169,170,-1,170,169,171,-1,170,171,172,-1,172,171,173,-1,172,173,174,-1,174,173,175,-1,174,175,176,-1,176,175,177,-1,176,177,178,-1,178,177,179,-1,178,179,180,-1,180,179,181,-1,180,181,182,-1,182,181,183,-1,182,183,184,-1,184,183,185,-1,184,185,186,-1,186,185,187,-1,186,187,188,-1,188,187,189,-1,188,189,190,-1,190,189,191,-1,190,191,192,-1,192,191,193,-1,192,193,146,-1,146,193,147,-1,194,195,196,-1,196,195,197,-1,196,197,198,-1,199,200,196,-1,196,200,201,-1,196,201,194,-1,202,203,196,-1,196,203,204,-1,196,204,199,-1,205,206,196,-1,196,206,207,-1,196,207,202,-1,208,209,196,-1,196,209,210,-1,196,210,205,-1,211,212,196,-1,196,212,213,-1,196,213,208,-1,214,215,196,-1,196,215,216,-1,196,216,211,-1,198,217,196,-1,196,217,218,-1,196,218,214,-1,219,220,221,-1,221,220,222,-1,221,222,223,-1,223,222,224,-1,223,224,225,-1,225,224,226,-1,225,226,227,-1,227,226,228,-1,227,228,229,-1,229,228,230,-1,229,230,231,-1,231,230,232,-1,231,232,233,-1,233,232,234,-1,233,234,235,-1,235,234,236,-1,235,236,237,-1,237,236,238,-1,237,238,239,-1,239,238,240,-1,239,240,241,-1,241,240,242,-1,241,242,243,-1,243,242,244,-1,243,244,245,-1,245,244,246,-1,245,246,247,-1,247,246,248,-1,247,248,249,-1,249,248,250,-1,249,250,251,-1,251,250,252,-1,251,252,253,-1,253,252,254,-1,253,254,255,-1,255,254,256,-1,255,256,257,-1,257,256,258,-1,257,258,259,-1,259,258,260,-1,259,260,261,-1,261,260,262,-1,261,262,263,-1,263,262,264,-1,263,264,265,-1,265,264,266,-1,265,266,219,-1,219,266,220,-1,267,268,269,-1,269,268,270,-1,269,270,271,-1,272,273,269,-1,269,273,274,-1,269,274,267,-1,275,276,269,-1,269,276,277,-1,269,277,272,-1,278,279,269,-1,269,279,280,-1,269,280,275,-1,281,282,269,-1,269,282,283,-1,269,283,278,-1,284,285,269,-1,269,285,286,-1,269,286,281,-1,287,288,269,-1,269,288,289,-1,269,289,284,-1,271,290,269,-1,269,290,291,-1,269,291,287,-1,292,293,294,-1,294,293,295,-1,294,295,296,-1,296,295,297,-1,296,297,298,-1,298,297,299,-1,298,299,300,-1,300,299,301,-1,300,301,302,-1,302,301,303,-1,302,303,304,-1,304,303,305,-1,304,305,306,-1,306,305,307,-1,306,307,308,-1,308,307,309,-1,308,309,310,-1,310,309,311,-1,310,311,312,-1,312,311,313,-1,312,313,314,-1,314,313,315,-1,314,315,316,-1,316,315,317,-1,316,317,318,-1,318,317,319,-1,318,319,320,-1,320,319,321,-1,320,321,322,-1,322,321,323,-1,322,323,324,-1,324,323,325,-1,324,325,326,-1,326,325,327,-1,326,327,328,-1,328,327,329,-1,328,329,330,-1,330,329,331,-1,330,331,332,-1,332,331,333,-1,332,333,334,-1,334,333,335,-1,334,335,336,-1,336,335,337,-1,336,337,338,-1,338,337,339,-1,338,339,292,-1,292,339,293,-1,340,341,342,-1,342,341,343,-1,342,343,344,-1,345,346,342,-1,342,346,347,-1,342,347,340,-1,348,349,342,-1,342,349,350,-1,342,350,345,-1,351,352,342,-1,342,352,353,-1,342,353,348,-1,354,355,342,-1,342,355,356,-1,342,356,351,-1,357,358,342,-1,342,358,359,-1,342,359,354,-1,360,361,342,-1,342,361,362,-1,342,362,357,-1,344,363,342,-1,342,363,364,-1,342,364,360,-1,365,366,367,-1,367,366,368,-1,367,368,369,-1,369,368,370,-1,369,370,371,-1,371,370,372,-1,371,372,373,-1,373,372,374,-1,373,374,375,-1,375,374,376,-1,375,376,377,-1,377,376,378,-1,377,378,379,-1,379,378,380,-1,379,380,381,-1,381,380,382,-1,381,382,383,-1,383,382,384,-1,383,384,385,-1,385,384,386,-1,385,386,387,-1,387,386,388,-1,387,388,389,-1,389,388,390,-1,389,390,391,-1,391,390,392,-1,391,392,393,-1,393,392,394,-1,393,394,395,-1,395,394,396,-1,395,396,397,-1,397,396,398,-1,397,398,399,-1,399,398,400,-1,399,400,401,-1,401,400,402,-1,401,402,403,-1,403,402,404,-1,403,404,405,-1,405,404,406,-1,405,406,407,-1,407,406,408,-1,407,408,409,-1,409,408,410,-1,409,410,411,-1,411,410,412,-1,411,412,365,-1,365,412,366,-1,413,414,415,-1,415,414,416,-1,415,416,417,-1,418,419,415,-1,415,419,420,-1,415,420,413,-1,421,422,415,-1,415,422,423,-1,415,423,418,-1,424,425,415,-1,415,425,426,-1,415,426,421,-1,427,428,415,-1,415,428,429,-1,415,429,424,-1,430,431,415,-1,415,431,432,-1,415,432,427,-1,433,434,415,-1,415,434,435,-1,415,435,430,-1,417,436,415,-1,415,436,437,-1,415,437,433,-1,
        ]
    }
}
Shape{
    appearance Appearance {
        material  Material 	{
            diffuseColor 1.0 1.0 1.0
            specularColor 0.5019607843137255 0.5019607843137255 0.5019607843137255
            ambientIntensity 1.0
            transparency 0.0
            shininess 0.5
        }
    }
    geometry IndexedFaceSet {
        ccw TRUE
        solid FALSE
        coord DEF co Coordinate {
            point [
                -3.361 0.9156 4.6417, -3.361 0.9156 4.6457, -3.372 0.9998 4.6417, -3.372 0.9998 4.6457, -3.4045 1.0782 4.6417, -3.4045 1.0782 4.6457, -3.4562 1.1455 4.6417, -3.4562 1.1455 4.6457, -3.5235 1.1971 4.6417, -3.5235 1.1971 4.6457, -3.6019 1.2296 4.6417, -3.6019 1.2296 4.6457, -3.686 1.2407 4.6417, -3.686 1.2407 4.6457, -3.7701 1.2296 4.6417, -3.7701 1.2296 4.6457, -3.8485 1.1971 4.6417, -3.8485 1.1971 4.6457, -3.9158 1.1455 4.6417, -3.9158 1.1455 4.6457, -3.9675 1.0782 4.6417, -3.9675 1.0782 4.6457, -4.0 0.9998 4.6417, -4.0 0.9998 4.6457, -4.0111 0.9156 4.6417, -4.0111 0.9156 4.6457, -4.0 0.8315 4.6417, -4.0 0.8315 4.6457, -3.9675 0.7531 4.6417, -3.9675 0.7531 4.6457, -3.9158 0.6858 4.6417, -3.9158 0.6858 4.6457, -3.8485 0.6342 4.6417, -3.8485 0.6342 4.6457, -3.7701 0.6017 4.6417, -3.7701 0.6017 4.6457, -3.686 0.5906 4.6417, -3.686 0.5906 4.6457, -3.6019 0.6017 4.6417, -3.6019 0.6017 4.6457, -3.5235 0.6342 4.6417, -3.5235 0.6342 4.6457, -3.4562 0.6858 4.6417, -3.4562 0.6858 4.6457, -3.4045 0.7531 4.6417, -3.4045 0.7531 4.6457, -3.372 0.8315 4.6417, -3.372 0.8315 4.6457, -3.686 0.9156 4.6417, -0.2279 -5.002 1.4461, -0.2279 -5.002 1.4218, -0.2279 -4.998 1.4461, -0.2279 -4.998 1.4218, -0.313 -5.002 1.4461, -0.313 -4.998 1.4461, -0.313 -5.002 1.6353, -0.313 -4.998 1.6353, -0.3405 -5.002 1.6353, -0.3405 -4.998 1.6353, -0.3405 -5.002 1.4218, -0.3405 -4.998 1.4218, -0.1184 -5.002 1.4182, -0.1184 -4.998 1.4182, -0.0859 -4.998 1.4213, -0.0859 -5.002 1.4213, -0.063 -4.998 1.4288, -0.063 -5.002 1.4288, -0.0593 -4.998 1.4306, -0.0593 -5.002 1.4306, -0.0593 -5.002 1.457, -0.0593 -4.998 1.457, -0.0779 -4.998 1.4484, -0.0779 -5.002 1.4484, -0.1016 -4.998 1.4434, -0.1016 -5.002 1.4434, -0.1144 -4.998 1.4427, -0.1144 -5.002 1.4427, -0.1347 -4.998 1.445, -0.1347 -5.002 1.445, -0.1501 -4.998 1.4507, -0.1501 -5.002 1.4507, -0.1643 -4.998 1.4603, -0.1643 -5.002 1.4603, -0.1693 -4.998 1.4652, -0.1693 -5.002 1.4652, -0.1798 -4.998 1.4798, -0.1798 -5.002 1.4798, -0.1867 -4.998 1.4971, -0.1867 -5.002 1.4971, -0.19 -4.998 1.5185, -0.19 -5.002 1.5185, -0.1903 -4.998 1.5261, -0.1903 -5.002 1.5261, -0.1868 -4.998 1.5552, -0.1868 -5.002 1.5552, -0.1797 -4.998 1.5737, -0.1797 -5.002 1.5737, -0.1694 -4.998 1.5886, -0.1694 -5.002 1.5886, -0.1678 -4.998 1.5903, -0.1678 -5.002 1.5903, -0.1534 -4.998 1.6022, -0.1534 -5.002 1.6022, -0.1366 -4.998 1.6101, -0.1366 -5.002 1.6101, -0.1181 -4.998 1.6137, -0.1181 -5.002 1.6137, -0.1096 -4.998 1.614, -0.1096 -5.002 1.614, -0.0869 -4.998 1.6117, -0.0869 -5.002 1.6117, -0.0648 -4.998 1.6042, -0.0648 -5.002 1.6042, -0.0593 -4.998 1.6013, -0.0593 -5.002 1.6013, -0.0593 -5.002 1.6302, -0.0593 -4.998 1.6302, -0.1099 -4.998 1.6389, -0.1099 -5.002 1.6389, -0.1058 -5.002 1.6389, -0.0786 -4.998 1.6361, -0.0786 -5.002 1.6361, -0.0886 -4.998 1.6371, -0.1058 -4.998 1.6389, -0.1248 -4.998 1.6371, -0.1406 -5.002 1.6352, -0.1406 -4.998 1.6352, -0.1629 -4.998 1.6266, -0.1629 -5.002 1.6266, -0.1836 -4.998 1.612, -0.1836 -5.002 1.612, -0.1883 -4.998 1.6075, -0.1883 -5.002 1.6075, -0.2019 -4.998 1.5903, -0.2096 -4.998 1.574, -0.2128 -5.002 1.5671, -0.2019 -5.002 1.5903, -0.2128 -4.998 1.5671, -0.2184 -4.998 1.5401, -0.2184 -5.002 1.5401, -0.2192 -4.998 1.5245, -0.2192 -5.002 1.5245, -0.2151 -4.998 1.49, -0.2096 -4.998 1.476, -0.2064 -5.002 1.4677, -0.2151 -5.002 1.49, -0.2064 -4.998 1.4677, -0.1937 -4.998 1.4494, -0.1937 -5.002 1.4494, -0.1918 -4.998 1.4473, -0.1918 -5.002 1.4473, -0.1762 -4.998 1.4341, -0.1762 -5.002 1.4341, -0.1563 -4.998 1.4242, -0.1563 -5.002 1.4242, -0.1336 -4.998 1.419, -0.1336 -5.002 1.419, 0.0983 -5.002 1.4461, 0.0983 -5.002 1.4218, 0.0983 -4.998 1.4461, 0.0983 -4.998 1.4218, 0.011 -4.998 1.4461, 0.011 -5.002 1.4461, 0.0686 -4.998 1.4461, 0.011 -5.002 1.5179, 0.011 -4.998 1.5179, 0.0873 -4.998 1.5179, 0.0873 -5.002 1.5179, 0.0686 -4.998 1.5179, 0.0873 -5.002 1.5424, 0.0873 -4.998 1.5424, 0.011 -4.998 1.5424, 0.011 -5.002 1.5424, 0.0686 -4.998 1.5424, 0.011 -5.002 1.6107, 0.011 -4.998 1.6107, 0.0934 -4.998 1.6107, 0.0934 -5.002 1.6107, 0.0686 -4.998 1.6107, 0.0934 -5.002 1.6353, 0.0934 -4.998 1.6353, -0.0166 -4.998 1.6353, -0.0166 -5.002 1.6353, 0.0686 -4.998 1.6353, -0.0166 -5.002 1.4218, -0.0166 -4.998 1.4218, 0.0686 -4.998 1.4218, 0.2716 -5.002 1.4821, 0.2606 -5.002 1.4684, 0.2802 -5.002 1.4517, 0.258 -5.002 1.4659, 0.2577 -5.002 1.4356, 0.2441 -5.002 1.4564, 0.2333 -5.002 1.4261, 0.2264 -5.002 1.4496, 0.1973 -5.002 1.4218, 0.1972 -5.002 1.4461, 0.1386 -5.002 1.4218, 0.1662 -5.002 1.4461, 0.1386 -5.002 1.6353, 0.1662 -5.002 1.6107, 0.1995 -5.002 1.6353, 0.1984 -5.002 1.6107, 0.2321 -5.002 1.6317, 0.2262 -5.002 1.6076, 0.2579 -5.002 1.6223, 0.2447 -5.002 1.6009, 0.2802 -5.002 1.607, 0.26 -5.002 1.5906, 0.2879 -5.002 1.5995, 0.2677 -5.002 1.5827, 0.3011 -5.002 1.5809, 0.2756 -5.002 1.5702, 0.3089 -5.002 1.5605, 0.2811 -5.002 1.5537, 0.3124 -5.002 1.5313, 0.2834 -5.002 1.5305, 0.3114 -5.002 1.5141, 0.2828 -5.002 1.5178, 0.3056 -5.002 1.4897, 0.2788 -5.002 1.498, 0.2944 -5.002 1.468, 0.1973 -4.998 1.4218, 0.1386 -4.998 1.4218, 0.2802 -4.998 1.4517, 0.2333 -4.998 1.4261, 0.2364 -4.998 1.4273, 0.2577 -4.998 1.4356, 0.2944 -4.998 1.468, 0.3056 -4.998 1.4897, 0.3114 -4.998 1.5141, 0.3124 -4.998 1.5313, 0.3089 -4.998 1.5605, 0.3011 -4.998 1.5809, 0.2879 -4.998 1.5995, 0.2802 -4.998 1.607, 0.2579 -4.998 1.6223, 0.2364 -4.998 1.6301, 0.2321 -4.998 1.6317, 0.1995 -4.998 1.6353, 0.1386 -4.998 1.6353, 0.1984 -4.998 1.6107, 0.1662 -4.998 1.6107, 0.1662 -4.998 1.4461, 0.1972 -4.998 1.4461, 0.2606 -4.998 1.4684, 0.258 -4.998 1.4659, 0.2441 -4.998 1.4564, 0.2264 -4.998 1.4496, 0.2834 -4.998 1.5305, 0.2828 -4.998 1.5178, 0.2788 -4.998 1.498, 0.2716 -4.998 1.4821, 0.26 -4.998 1.5906, 0.2677 -4.998 1.5827, 0.2756 -4.998 1.5702, 0.2811 -4.998 1.5537, 0.2262 -4.998 1.6076, 0.2447 -4.998 1.6009
            ]
        }
        coordIndex [
            0,1,2,-1,2,1,3,-1,2,3,4,-1,4,3,5,-1,4,5,6,-1,6,5,7,-1,6,7,8,-1,8,7,9,-1,8,9,10,-1,10,9,11,-1,10,11,12,-1,12,11,13,-1,12,13,14,-1,14,13,15,-1,14,15,16,-1,16,15,17,-1,16,17,18,-1,18,17,19,-1,18,19,20,-1,20,19,21,-1,20,21,22,-1,22,21,23,-1,22,23,24,-1,24,23,25,-1,24,25,26,-1,26,25,27,-1,26,27,28,-1,28,27,29,-1,28,29,30,-1,30,29,31,-1,30,31,32,-1,32,31,33,-1,32,33,34,-1,34,33,35,-1,34,35,36,-1,36,35,37,-1,36,37,38,-1,38,37,39,-1,38,39,40,-1,40,39,41,-1,40,41,42,-1,42,41,43,-1,42,43,44,-1,44,43,45,-1,44,45,46,-1,46,45,47,-1,46,47,0,-1,0,47,1,-1,44,46,48,-1,48,46,0,-1,48,0,2,-1,38,40,48,-1,48,40,42,-1,48,42,44,-1,32,34,48,-1,48,34,36,-1,48,36,38,-1,26,28,48,-1,48,28,30,-1,48,30,32,-1,20,22,48,-1,48,22,24,-1,48,24,26,-1,14,16,48,-1,48,16,18,-1,48,18,20,-1,8,10,48,-1,48,10,12,-1,48,12,14,-1,2,4,48,-1,48,4,6,-1,48,6,8,-1,49,50,51,-1,51,50,52,-1,53,49,54,-1,54,49,51,-1,55,53,56,-1,56,53,54,-1,57,55,58,-1,58,55,56,-1,59,57,60,-1,60,57,58,-1,50,59,52,-1,52,59,60,-1,55,57,53,-1,53,57,59,-1,53,59,49,-1,49,59,50,-1,61,62,63,-1,61,63,64,-1,64,63,65,-1,64,65,66,-1,66,65,67,-1,66,67,68,-1,69,68,70,-1,70,68,67,-1,69,70,71,-1,69,71,72,-1,72,71,73,-1,72,73,74,-1,74,73,75,-1,74,75,76,-1,76,75,77,-1,76,77,78,-1,78,77,79,-1,78,79,80,-1,80,79,81,-1,80,81,82,-1,82,81,83,-1,82,83,84,-1,84,83,85,-1,84,85,86,-1,86,85,87,-1,86,87,88,-1,88,87,89,-1,88,89,90,-1,90,89,91,-1,90,91,92,-1,92,91,93,-1,92,93,94,-1,94,93,95,-1,94,95,96,-1,96,95,97,-1,96,97,98,-1,98,97,99,-1,98,99,100,-1,100,99,101,-1,100,101,102,-1,102,101,103,-1,102,103,104,-1,104,103,105,-1,104,105,106,-1,106,105,107,-1,106,107,108,-1,108,107,109,-1,108,109,110,-1,110,109,111,-1,110,111,112,-1,112,111,113,-1,112,113,114,-1,115,114,116,-1,116,114,113,-1,117,118,119,-1,115,116,120,-1,115,120,121,-1,121,120,122,-1,121,122,119,-1,119,122,123,-1,119,123,117,-1,118,117,124,-1,118,124,125,-1,124,126,125,-1,125,126,127,-1,125,127,128,-1,128,127,129,-1,128,129,130,-1,130,129,131,-1,130,131,132,-1,132,131,133,-1,134,135,133,-1,133,135,136,-1,133,136,132,-1,134,137,135,-1,135,137,138,-1,135,138,139,-1,139,138,140,-1,139,140,141,-1,141,140,142,-1,143,144,142,-1,142,144,145,-1,142,145,141,-1,143,146,144,-1,144,146,147,-1,144,147,148,-1,148,147,149,-1,148,149,150,-1,150,149,151,-1,150,151,152,-1,152,151,153,-1,152,153,154,-1,154,153,155,-1,154,155,156,-1,156,155,62,-1,156,62,61,-1,112,114,115,-1,102,104,125,-1,94,96,136,-1,125,104,118,-1,136,96,132,-1,112,115,110,-1,125,128,102,-1,102,128,130,-1,102,130,100,-1,100,130,132,-1,100,132,98,-1,98,132,96,-1,104,106,118,-1,118,106,108,-1,118,108,119,-1,119,108,110,-1,119,110,121,-1,121,110,115,-1,141,92,139,-1,139,92,94,-1,139,94,135,-1,135,94,136,-1,68,69,66,-1,66,69,72,-1,66,72,64,-1,64,72,74,-1,64,74,61,-1,61,74,76,-1,61,76,156,-1,156,76,78,-1,156,78,154,-1,154,78,80,-1,154,80,152,-1,152,80,82,-1,152,82,150,-1,150,82,84,-1,150,84,148,-1,148,84,86,-1,148,86,144,-1,144,86,145,-1,145,86,88,-1,145,88,141,-1,141,88,90,-1,141,90,92,-1,157,158,159,-1,159,158,160,-1,161,162,163,-1,163,162,157,-1,163,157,159,-1,164,162,165,-1,165,162,161,-1,166,167,168,-1,168,167,164,-1,168,164,165,-1,169,167,170,-1,170,167,166,-1,171,172,173,-1,173,172,169,-1,173,169,170,-1,174,172,175,-1,175,172,171,-1,176,177,178,-1,178,177,174,-1,178,174,175,-1,179,177,180,-1,180,177,176,-1,181,182,183,-1,183,182,179,-1,183,179,180,-1,184,182,185,-1,185,182,181,-1,160,158,186,-1,186,158,184,-1,186,184,185,-1,184,158,157,-1,157,162,184,-1,184,162,164,-1,184,164,182,-1,177,179,174,-1,174,179,182,-1,174,182,172,-1,172,182,164,-1,172,164,169,-1,169,164,167,-1,187,188,189,-1,189,188,190,-1,189,190,191,-1,191,190,192,-1,191,192,193,-1,193,192,194,-1,193,194,195,-1,195,194,196,-1,195,196,197,-1,197,196,198,-1,197,198,199,-1,199,198,200,-1,199,200,201,-1,201,200,202,-1,201,202,203,-1,203,202,204,-1,203,204,205,-1,205,204,206,-1,205,206,207,-1,207,206,208,-1,207,208,209,-1,209,208,210,-1,209,210,211,-1,211,210,212,-1,211,212,213,-1,213,212,214,-1,213,214,215,-1,215,214,216,-1,215,216,217,-1,217,216,218,-1,217,218,219,-1,219,218,220,-1,219,220,221,-1,221,220,187,-1,221,187,189,-1,195,197,222,-1,222,197,223,-1,224,189,191,-1,195,222,225,-1,195,225,193,-1,193,225,226,-1,193,226,191,-1,191,226,227,-1,191,227,224,-1,189,224,228,-1,189,228,221,-1,221,228,229,-1,221,229,219,-1,219,229,230,-1,219,230,217,-1,217,230,231,-1,217,231,215,-1,215,231,232,-1,215,232,213,-1,213,232,233,-1,213,233,211,-1,211,233,234,-1,211,234,209,-1,209,234,235,-1,209,235,207,-1,207,235,236,-1,237,203,236,-1,236,203,205,-1,236,205,207,-1,237,238,203,-1,203,238,239,-1,203,239,201,-1,199,201,240,-1,240,201,239,-1,197,199,223,-1,223,199,240,-1,202,200,241,-1,241,200,242,-1,200,198,242,-1,242,198,243,-1,198,196,243,-1,243,196,244,-1,188,245,246,-1,188,246,190,-1,190,246,247,-1,190,247,192,-1,192,247,248,-1,192,248,194,-1,194,248,244,-1,194,244,196,-1,216,249,250,-1,216,250,218,-1,218,250,251,-1,218,251,220,-1,220,251,252,-1,220,252,187,-1,187,252,245,-1,187,245,188,-1,208,253,254,-1,208,254,210,-1,210,254,255,-1,210,255,212,-1,212,255,256,-1,212,256,214,-1,214,256,249,-1,214,249,216,-1,202,241,257,-1,202,257,204,-1,204,257,258,-1,204,258,206,-1,206,258,253,-1,206,253,208,-1,
        ]
    }
}
Shape{
    appearance Appearance {
        material  Material 	{
            diffuseColor 0.25098039215686274 0.25098039215686274 0.25098039215686274
            specularColor 0.12549019607843137 0.12549019607843137 0.12549019607843137
            ambientIntensity 0.251
            transparency 0.0
            shininess 0.5
        }
    }
    geometry IndexedFaceSet {
        ccw TRUE
        solid FALSE
        coord DEF co Coordinate {
            point [
                0.1662 -4.998 1.6107, 0.1662 -4.998 1.4461, 0.1984 -4.998 1.6107, 0.1972 -4.998 1.4461, 0.258 -4.998 1.4659, 0.2606 -4.998 1.4684, 0.2264 -4.998 1.4496, 0.2441 -4.998 1.4564, 0.2716 -4.998 1.4821, 0.2788 -4.998 1.498, 0.2828 -4.998 1.5178, 0.2834 -4.998 1.5305, 0.2811 -4.998 1.5537, 0.2756 -4.998 1.5702, 0.2677 -4.998 1.5827, 0.26 -4.998 1.5906, 0.2262 -4.998 1.6076, 0.2447 -4.998 1.6009
            ]
        }
        coordIndex [
            0,1,2,-1,2,1,3,-1,2,4,5,-1,3,6,2,-1,2,6,7,-1,2,7,4,-1,5,8,2,-1,2,8,9,-1,2,9,10,-1,10,11,2,-1,2,11,12,-1,2,12,13,-1,13,14,2,-1,2,14,15,-1,2,15,16,-1,16,15,17,-1,
        ]
    }
}
Shape{
    appearance Appearance {
        material  Material 	{
            diffuseColor 1.0 1.0 1.0
            specularColor 0.5019607843137255 0.5019607843137255 0.5019607843137255
            ambientIntensity 1.0
            transparency 0.0
            shininess 0.5
        }
    }
    geometry IndexedFaceSet {
        ccw TRUE
        solid FALSE
        coord DEF co Coordinate {
            point [
                0.384 -5.002 1.5043, 0.3753 -5.002 1.4802, 0.4556 -5.002 1.5043, 0.4642 -5.002 1.4802, 0.4159 -5.002 1.593, 0.4056 -5.002 1.6353, 0.3243 -5.002 1.4218, 0.3547 -5.002 1.4218, 0.4178 -5.002 1.5994, 0.4194 -5.002 1.608, 0.4351 -5.002 1.6353, 0.4201 -5.002 1.608, 0.4218 -5.002 1.599, 0.4234 -5.002 1.593, 0.5164 -5.002 1.4218, 0.4859 -5.002 1.4218, 0.4351 -4.998 1.6353, 0.5164 -4.998 1.4218, 0.4056 -4.998 1.6353, 0.3243 -4.998 1.4218, 0.3858 -4.998 1.5833, 0.3547 -4.998 1.4218, 0.3753 -4.998 1.4802, 0.4642 -4.998 1.4802, 0.3858 -4.998 1.4802, 0.4859 -4.998 1.4218, 0.384 -4.998 1.5043, 0.4556 -4.998 1.5043, 0.4234 -4.998 1.593, 0.4201 -4.998 1.608, 0.4218 -4.998 1.599, 0.4194 -4.998 1.608, 0.4159 -4.998 1.593, 0.4178 -4.998 1.5994
            ]
        }
        coordIndex [
            0,1,2,-1,2,1,3,-1,4,5,0,-1,0,5,6,-1,0,6,1,-1,1,6,7,-1,4,8,5,-1,5,8,9,-1,5,9,10,-1,10,9,11,-1,10,11,12,-1,12,13,10,-1,10,13,2,-1,10,2,14,-1,14,2,3,-1,14,3,15,-1,10,14,16,-1,16,14,17,-1,5,10,18,-1,18,10,16,-1,19,6,20,-1,20,6,5,-1,20,5,18,-1,7,6,21,-1,21,6,19,-1,1,7,22,-1,22,7,21,-1,23,3,24,-1,24,3,1,-1,24,1,22,-1,15,3,25,-1,25,3,23,-1,14,15,17,-1,17,15,25,-1,0,2,26,-1,26,2,27,-1,2,13,27,-1,27,13,28,-1,11,29,30,-1,11,30,12,-1,12,30,28,-1,12,28,13,-1,11,9,29,-1,29,9,31,-1,4,32,33,-1,4,33,8,-1,8,33,31,-1,8,31,9,-1,4,0,32,-1,32,0,26,-1,
        ]
    }
}
Shape{
    appearance Appearance {
        material  Material 	{
            diffuseColor 0.25098039215686274 0.25098039215686274 0.25098039215686274
            specularColor 0.12549019607843137 0.12549019607843137 0.12549019607843137
            ambientIntensity 0.251
            transparency 0.0
            shininess 0.5
        }
    }
    geometry IndexedFaceSet {
        ccw TRUE
        solid FALSE
        coord DEF co Coordinate {
            point [
                0.4201 -4.998 1.608, 0.4194 -4.998 1.608, 0.4218 -4.998 1.599, 0.4178 -4.998 1.5994, 0.4234 -4.998 1.593, 0.4159 -4.998 1.593, 0.4556 -4.998 1.5043, 0.384 -4.998 1.5043
            ]
        }
        coordIndex [
            0,1,2,-1,2,1,3,-1,2,3,4,-1,4,3,5,-1,4,5,6,-1,6,5,7,-1,
        ]
    }
}
Shape{
    appearance Appearance {
        material  Material 	{
            diffuseColor 1.0 1.0 1.0
            specularColor 0.5019607843137255 0.5019607843137255 0.5019607843137255
            ambientIntensity 1.0
            transparency 0.0
            shininess 0.5
        }
    }
    geometry IndexedFaceSet {
        ccw TRUE
        solid FALSE
        coord DEF co Coordinate {
            point [
                -0.2257 -5.002 1.1074, -0.2257 -5.002 1.083, -0.2257 -4.998 1.1074, -0.2257 -4.998 1.083, -0.313 -5.002 1.1074, -0.313 -4.998 1.1074, -0.313 -5.002 1.1792, -0.313 -4.998 1.1792, -0.2366 -5.002 1.1792, -0.2366 -4.998 1.1792, -0.2366 -5.002 1.2037, -0.2366 -4.998 1.2037, -0.313 -5.002 1.2037, -0.313 -4.998 1.2037, -0.313 -5.002 1.272, -0.313 -4.998 1.272, -0.2305 -5.002 1.272, -0.2305 -4.998 1.272, -0.2305 -5.002 1.2966, -0.2305 -4.998 1.2966, -0.3405 -5.002 1.2966, -0.3405 -4.998 1.2966, -0.3405 -5.002 1.083, -0.3405 -4.998 1.083, -0.105 -5.002 1.1066, -0.1043 -5.002 1.1066, -0.106 -5.002 1.1312, -0.1043 -5.002 1.1432, -0.0775 -5.002 1.1812, -0.1043 -5.002 1.1449, -0.1043 -5.002 1.1596, -0.1043 -5.002 1.083, -0.0775 -5.002 1.083, -0.1623 -5.002 1.1481, -0.156 -5.002 1.1511, -0.1703 -5.002 1.1684, -0.11 -5.002 1.1217, -0.1158 -5.002 1.1138, -0.1092 -5.002 1.1002, -0.1191 -5.002 1.1105, -0.1177 -5.002 1.0911, -0.1267 -5.002 1.1055, -0.1271 -5.002 1.0849, -0.1348 -5.002 1.1025, -0.1379 -5.002 1.081, -0.1448 -5.002 1.1014, -0.1517 -5.002 1.0794, -0.1538 -5.002 1.1024, -0.1677 -5.002 1.0813, -0.1599 -5.002 1.1046, -0.178 -5.002 1.0852, -0.1652 -5.002 1.1083, -0.187 -5.002 1.0914, -0.1675 -5.002 1.1105, -0.1495 -5.002 1.1736, -0.14 -5.002 1.1548, -0.1043 -5.002 1.18, -0.1659 -5.002 1.1454, -0.1815 -5.002 1.1626, -0.1691 -5.002 1.1414, -0.1896 -5.002 1.1554, -0.1714 -5.002 1.1364, -0.1953 -5.002 1.1468, -0.1727 -5.002 1.1303, -0.1987 -5.002 1.1371, -0.173 -5.002 1.1261, -0.2001 -5.002 1.1239, -0.1723 -5.002 1.1199, -0.1988 -5.002 1.1117, -0.1705 -5.002 1.1151, -0.1955 -5.002 1.1027, -0.19 -5.002 1.0945, -0.1852 -5.002 1.2248, -0.1852 -5.002 1.1989, -0.1762 -5.002 1.2298, -0.168 -5.002 1.2099, -0.1556 -5.002 1.2367, -0.1513 -5.002 1.2156, -0.1327 -5.002 1.239, -0.1352 -5.002 1.2173, -0.1174 -5.002 1.2377, -0.1261 -5.002 1.2164, -0.1059 -5.002 1.2344, -0.1199 -5.002 1.2142, -0.0969 -5.002 1.2294, -0.1152 -5.002 1.2111, -0.0897 -5.002 1.2228, -0.1111 -5.002 1.2068, -0.0841 -5.002 1.2143, -0.108 -5.002 1.2013, -0.0799 -5.002 1.2024, -0.1052 -5.002 1.1918, -0.1327 -4.998 1.239, -0.1556 -4.998 1.2367, -0.1762 -4.998 1.2298, -0.1852 -4.998 1.2248, -0.1852 -4.998 1.1989, -0.168 -4.998 1.2099, -0.1513 -4.998 1.2156, -0.1352 -4.998 1.2173, -0.1261 -4.998 1.2164, -0.1199 -4.998 1.2142, -0.1152 -4.998 1.2111, -0.1111 -4.998 1.2068, -0.108 -4.998 1.2013, -0.1052 -4.998 1.1918, -0.1043 -4.998 1.18, -0.1495 -4.998 1.1736, -0.1703 -4.998 1.1684, -0.1815 -4.998 1.1626, -0.1896 -4.998 1.1554, -0.1953 -4.998 1.1468, -0.1987 -4.998 1.1371, -0.2001 -4.998 1.1239, -0.1988 -4.998 1.1117, -0.1955 -4.998 1.1027, -0.19 -4.998 1.0945, -0.187 -4.998 1.0914, -0.1517 -4.998 1.0794, -0.1672 -4.998 1.0812, -0.1677 -4.998 1.0813, -0.178 -4.998 1.0852, -0.1379 -4.998 1.081, -0.1372 -4.998 1.0812, -0.1271 -4.998 1.0849, -0.1177 -4.998 1.0911, -0.1092 -4.998 1.1002, -0.105 -4.998 1.1066, -0.1043 -4.998 1.1066, -0.1043 -4.998 1.083, -0.0775 -4.998 1.083, -0.0775 -4.998 1.1812, -0.0799 -4.998 1.2024, -0.0841 -4.998 1.2143, -0.0897 -4.998 1.2228, -0.0969 -4.998 1.2294, -0.1059 -4.998 1.2344, -0.1174 -4.998 1.2377, -0.1659 -4.998 1.1454, -0.1623 -4.998 1.1481, -0.156 -4.998 1.1511, -0.14 -4.998 1.1548, -0.173 -4.998 1.1261, -0.1727 -4.998 1.1303, -0.1714 -4.998 1.1364, -0.1691 -4.998 1.1414, -0.1652 -4.998 1.1083, -0.1675 -4.998 1.1105, -0.1705 -4.998 1.1151, -0.1723 -4.998 1.1199, -0.1448 -4.998 1.1014, -0.1538 -4.998 1.1024, -0.1599 -4.998 1.1046, -0.1158 -4.998 1.1138, -0.1191 -4.998 1.1105, -0.1267 -4.998 1.1055, -0.1348 -4.998 1.1025, -0.1043 -4.998 1.1449, -0.1043 -4.998 1.1432, -0.106 -4.998 1.1312, -0.11 -4.998 1.1217, -0.1043 -4.998 1.1596
            ]
        }
        coordIndex [
            0,1,2,-1,2,1,3,-1,4,0,5,-1,5,0,2,-1,6,4,7,-1,7,4,5,-1,8,6,9,-1,9,6,7,-1,10,8,11,-1,11,8,9,-1,12,10,13,-1,13,10,11,-1,14,12,15,-1,15,12,13,-1,16,14,17,-1,17,14,15,-1,18,16,19,-1,19,16,17,-1,20,18,21,-1,21,18,19,-1,22,20,23,-1,23,20,21,-1,1,22,3,-1,3,22,23,-1,22,1,0,-1,0,4,22,-1,22,4,6,-1,22,6,20,-1,16,18,14,-1,14,18,20,-1,14,20,12,-1,12,20,6,-1,12,6,10,-1,10,6,8,-1,24,25,26,-1,27,28,29,-1,29,28,30,-1,31,32,25,-1,25,32,28,-1,25,28,26,-1,26,28,27,-1,33,34,35,-1,26,36,24,-1,24,36,37,-1,24,37,38,-1,38,37,39,-1,38,39,40,-1,40,39,41,-1,40,41,42,-1,42,41,43,-1,42,43,44,-1,44,43,45,-1,44,45,46,-1,46,45,47,-1,46,47,48,-1,48,47,49,-1,48,49,50,-1,50,49,51,-1,50,51,52,-1,52,51,53,-1,35,34,54,-1,54,34,55,-1,54,55,56,-1,33,35,57,-1,57,35,58,-1,57,58,59,-1,59,58,60,-1,59,60,61,-1,61,60,62,-1,61,62,63,-1,63,62,64,-1,63,64,65,-1,65,64,66,-1,65,66,67,-1,67,66,68,-1,67,68,69,-1,69,68,70,-1,69,70,53,-1,53,70,71,-1,53,71,52,-1,72,73,74,-1,74,73,75,-1,74,75,76,-1,76,75,77,-1,76,77,78,-1,78,77,79,-1,78,79,80,-1,80,79,81,-1,80,81,82,-1,82,81,83,-1,82,83,84,-1,84,83,85,-1,84,85,86,-1,86,85,87,-1,86,87,88,-1,88,87,89,-1,88,89,90,-1,90,89,91,-1,90,91,28,-1,28,91,56,-1,28,56,30,-1,30,56,55,-1,78,92,93,-1,78,93,76,-1,76,93,94,-1,76,94,74,-1,74,94,95,-1,74,95,72,-1,73,72,96,-1,96,72,95,-1,73,96,97,-1,73,97,75,-1,75,97,98,-1,75,98,77,-1,77,98,99,-1,77,99,79,-1,79,99,100,-1,79,100,81,-1,81,100,101,-1,81,101,83,-1,83,101,102,-1,83,102,85,-1,85,102,103,-1,85,103,87,-1,87,103,104,-1,87,104,89,-1,89,104,105,-1,89,105,91,-1,91,105,106,-1,91,106,56,-1,54,56,107,-1,107,56,106,-1,54,107,108,-1,54,108,35,-1,35,108,109,-1,35,109,58,-1,58,109,110,-1,58,110,60,-1,60,110,111,-1,60,111,62,-1,62,111,112,-1,62,112,64,-1,64,112,113,-1,64,113,66,-1,66,113,114,-1,66,114,68,-1,68,114,115,-1,68,115,70,-1,70,115,116,-1,70,116,71,-1,71,116,117,-1,71,117,52,-1,118,46,119,-1,119,46,48,-1,119,48,120,-1,120,48,50,-1,120,50,121,-1,121,50,52,-1,121,52,117,-1,46,118,122,-1,46,122,44,-1,44,122,123,-1,44,123,42,-1,123,124,42,-1,42,124,125,-1,42,125,40,-1,40,125,126,-1,40,126,38,-1,38,126,127,-1,38,127,24,-1,25,24,128,-1,128,24,127,-1,31,25,129,-1,129,25,128,-1,32,31,130,-1,130,31,129,-1,28,32,131,-1,131,32,130,-1,28,131,132,-1,28,132,90,-1,90,132,133,-1,90,133,88,-1,88,133,134,-1,88,134,86,-1,86,134,135,-1,86,135,84,-1,84,135,136,-1,84,136,82,-1,82,136,137,-1,82,137,80,-1,80,137,92,-1,80,92,78,-1,57,138,139,-1,57,139,33,-1,33,139,140,-1,33,140,34,-1,34,140,141,-1,34,141,55,-1,65,142,143,-1,65,143,63,-1,63,143,144,-1,63,144,61,-1,61,144,145,-1,61,145,59,-1,59,145,138,-1,59,138,57,-1,51,146,147,-1,51,147,53,-1,53,147,148,-1,53,148,69,-1,69,148,149,-1,69,149,67,-1,67,149,142,-1,67,142,65,-1,45,150,151,-1,45,151,47,-1,47,151,152,-1,47,152,49,-1,49,152,146,-1,49,146,51,-1,37,153,154,-1,37,154,39,-1,39,154,155,-1,39,155,41,-1,41,155,156,-1,41,156,43,-1,43,156,150,-1,43,150,45,-1,29,157,158,-1,29,158,27,-1,27,158,159,-1,27,159,26,-1,26,159,160,-1,26,160,36,-1,36,160,153,-1,36,153,37,-1,29,30,157,-1,157,30,161,-1,30,55,161,-1,161,55,141,-1,
        ]
    }
}
Shape{
    appearance Appearance {
        material  Material 	{
            diffuseColor 0.25098039215686274 0.25098039215686274 0.25098039215686274
            specularColor 0.12549019607843137 0.12549019607843137 0.12549019607843137
            ambientIntensity 0.251
            transparency 0.0
            shininess 0.5
        }
    }
    geometry IndexedFaceSet {
        ccw TRUE
        solid FALSE
        coord DEF co Coordinate {
            point [
                -0.1043 -4.998 1.1432, -0.1043 -4.998 1.1449, -0.1659 -4.998 1.1454, -0.1043 -4.998 1.1596, -0.14 -4.998 1.1548, -0.156 -4.998 1.1511, -0.1623 -4.998 1.1481, -0.106 -4.998 1.1312, -0.1691 -4.998 1.1414, -0.11 -4.998 1.1217, -0.1675 -4.998 1.1105, -0.1652 -4.998 1.1083, -0.1191 -4.998 1.1105, -0.1705 -4.998 1.1151, -0.1267 -4.998 1.1055, -0.1348 -4.998 1.1025, -0.1448 -4.998 1.1014, -0.1714 -4.998 1.1364, -0.1727 -4.998 1.1303, -0.1158 -4.998 1.1138, -0.173 -4.998 1.1261, -0.1723 -4.998 1.1199, -0.1599 -4.998 1.1046, -0.1538 -4.998 1.1024
            ]
        }
        coordIndex [
            0,1,2,-1,1,3,4,-1,4,5,1,-1,1,5,6,-1,1,6,2,-1,0,2,7,-1,7,2,8,-1,7,8,9,-1,10,11,12,-1,10,12,13,-1,14,12,15,-1,15,12,16,-1,8,17,9,-1,9,17,18,-1,9,18,19,-1,19,18,20,-1,19,20,12,-1,12,20,21,-1,12,21,13,-1,11,22,12,-1,12,22,23,-1,12,23,16,-1,
        ]
    }
}
Shape{
    appearance Appearance {
        material  Material 	{
            diffuseColor 1.0 1.0 1.0
            specularColor 0.5019607843137255 0.5019607843137255 0.5019607843137255
            ambientIntensity 1.0
            transparency 0.0
            shininess 0.5
        }
    }
    geometry IndexedFaceSet {
        ccw TRUE
        solid FALSE
        coord DEF co Coordinate {
            point [
                0.0027 -5.002 1.1013, 0.0027 -4.998 1.1013, -0.0152 -4.998 1.1035, -0.0289 -4.998 1.1089, -0.0319 -5.002 1.1101, -0.0152 -5.002 1.1035, -0.0319 -4.998 1.1101, -0.0413 -4.998 1.116, -0.0413 -5.002 1.116, -0.0413 -5.002 1.0884, -0.0413 -4.998 1.0884, -0.0234 -5.002 1.082, -0.0289 -4.998 1.084, 0.0001 -4.998 1.0794, 0.0001 -5.002 1.0794, -0.0165 -4.998 1.0812, -0.0234 -4.998 1.082, 0.0219 -5.002 1.0817, 0.0172 -4.998 1.0812, 0.0219 -4.998 1.0817, 0.0366 -4.998 1.0869, 0.0366 -5.002 1.0869, 0.0445 -4.998 1.0916, 0.0445 -5.002 1.0916, 0.0521 -4.998 1.0983, 0.0521 -5.002 1.0983, 0.0571 -4.998 1.1053, 0.0571 -5.002 1.1053, 0.0604 -4.998 1.1138, 0.0604 -5.002 1.1138, 0.0617 -4.998 1.1245, 0.0617 -5.002 1.1245, 0.0606 -4.998 1.1345, 0.0606 -5.002 1.1345, 0.0577 -4.998 1.1424, 0.0577 -5.002 1.1424, 0.0527 -4.998 1.1497, 0.0527 -5.002 1.1497, 0.0464 -4.998 1.1554, 0.0464 -5.002 1.1554, 0.0286 -4.998 1.1653, 0.0286 -5.002 1.1653, 0.0182 -4.998 1.1695, 0.0182 -5.002 1.1695, 0.0017 -4.998 1.1767, 0.0017 -5.002 1.1767, -0.0077 -4.998 1.1826, -0.0077 -5.002 1.1826, -0.0103 -4.998 1.1855, -0.0103 -5.002 1.1855, -0.0123 -4.998 1.1891, -0.0123 -5.002 1.1891, -0.0133 -4.998 1.1932, -0.0133 -5.002 1.1932, -0.0136 -4.998 1.1968, -0.0136 -5.002 1.1968, -0.0131 -4.998 1.2011, -0.0131 -5.002 1.2011, -0.0118 -4.998 1.2047, -0.0118 -5.002 1.2047, -0.0095 -4.998 1.2081, -0.0095 -5.002 1.2081, -0.0054 -4.998 1.2116, -0.0054 -5.002 1.2116, 0.0006 -4.998 1.2148, 0.0006 -5.002 1.2148, 0.0077 -4.998 1.2167, 0.0077 -5.002 1.2167, 0.0156 -4.998 1.2173, 0.0156 -5.002 1.2173, 0.0342 -4.998 1.2151, 0.0342 -5.002 1.2151, 0.0494 -4.998 1.2092, 0.0494 -5.002 1.2092, 0.0544 -4.998 1.2063, 0.0544 -5.002 1.2063, 0.0544 -5.002 1.2323, 0.0544 -4.998 1.2323, 0.0354 -4.998 1.2376, 0.0354 -5.002 1.2376, 0.0182 -4.998 1.239, 0.0182 -5.002 1.239, -0.002 -4.998 1.2367, -0.002 -5.002 1.2367, -0.0166 -4.998 1.2314, -0.0166 -5.002 1.2314, -0.024 -4.998 1.2269, -0.024 -5.002 1.2269, -0.0319 -5.002 1.2198, -0.0289 -4.998 1.2225, -0.0319 -4.998 1.2198, -0.0369 -4.998 1.2126, -0.0369 -5.002 1.2126, -0.0401 -4.998 1.204, -0.0401 -5.002 1.204, -0.0411 -4.998 1.1944, -0.0411 -5.002 1.1944, -0.04 -4.998 1.184, -0.04 -5.002 1.184, -0.037 -4.998 1.1758, -0.037 -5.002 1.1758, -0.0336 -4.998 1.1703, -0.0336 -5.002 1.1703, -0.0006 -4.998 1.1501, -0.0006 -5.002 1.1501, -0.0166 -5.002 1.1574, -0.0292 -4.998 1.1657, -0.0292 -5.002 1.1657, -0.0289 -4.998 1.1655, -0.0166 -4.998 1.1574, 0.0169 -4.998 1.1427, 0.0169 -5.002 1.1427, 0.0274 -4.998 1.1364, 0.0274 -5.002 1.1364, 0.0307 -4.998 1.133, 0.0307 -5.002 1.133, 0.0328 -4.998 1.1294, 0.0328 -5.002 1.1294, 0.034 -4.998 1.1252, 0.034 -5.002 1.1252, 0.0342 -4.998 1.1219, 0.0342 -5.002 1.1219, 0.0337 -4.998 1.1168, 0.0337 -5.002 1.1168, 0.0323 -4.998 1.113, 0.0323 -5.002 1.113, 0.03 -4.998 1.1095, 0.03 -5.002 1.1095, 0.0269 -4.998 1.1068, 0.0269 -5.002 1.1068, 0.0245 -4.998 1.1053, 0.0245 -5.002 1.1053, 0.0176 -4.998 1.1028, 0.0176 -5.002 1.1028, 0.0039 -4.998 1.1013, 0.0039 -5.002 1.1013, 0.1943 -5.002 1.2355, 0.222 -5.002 1.2355, 0.1943 -4.998 1.2355, 0.222 -4.998 1.2355, 0.1526 -5.002 1.1207, 0.1526 -4.998 1.1207, 0.1506 -4.998 1.1136, 0.1506 -5.002 1.1136, 0.1493 -4.998 1.1084, 0.1493 -5.002 1.1084, 0.1486 -5.002 1.1084, 0.1486 -4.998 1.1084, 0.1454 -5.002 1.1209, 0.1454 -4.998 1.1209, 0.1055 -4.998 1.2355, 0.1055 -5.002 1.2355, 0.1184 -4.998 1.1984, 0.0756 -5.002 1.2355, 0.0756 -4.998 1.2355, 0.1354 -4.998 1.0834, 0.1354 -5.002 1.0834, 0.1184 -4.998 1.1266, 0.1237 -4.998 1.0556, 0.1237 -5.002 1.0556, 0.1345 -4.998 1.0812, 0.1185 -4.998 1.046, 0.1185 -5.002 1.046, 0.1184 -4.998 1.046, 0.1135 -5.002 1.0405, 0.1135 -4.998 1.0405, 0.1086 -4.998 1.0371, 0.1086 -5.002 1.0371, 0.1027 -4.998 1.0349, 0.1027 -5.002 1.0349, 0.0963 -4.998 1.0341, 0.0963 -5.002 1.0341, 0.0866 -4.998 1.0354, 0.0866 -5.002 1.0354, 0.0811 -4.998 1.0372, 0.0811 -5.002 1.0372, 0.0811 -5.002 1.0134, 0.0811 -4.998 1.0134, 0.0925 -4.998 1.0114, 0.0925 -5.002 1.0114, 0.0984 -4.998 1.0112, 0.0984 -5.002 1.0112, 0.1092 -4.998 1.0125, 0.1092 -5.002 1.0125, 0.1184 -4.998 1.016, 0.1197 -5.002 1.0165, 0.1197 -4.998 1.0165, 0.1291 -4.998 1.023, 0.1291 -5.002 1.023, 0.1309 -4.998 1.0247, 0.1309 -5.002 1.0247, 0.1407 -4.998 1.0364, 0.1407 -5.002 1.0364, 0.1528 -4.998 1.06, 0.1528 -5.002 1.06, 0.1612 -4.998 1.0812, 0.3656 -5.002 1.1074, 0.3656 -5.002 1.083, 0.3656 -4.998 1.1074, 0.3656 -4.998 1.083, 0.2784 -4.998 1.1074, 0.2784 -5.002 1.1074, 0.3184 -4.998 1.1074, 0.2784 -5.002 1.1792, 0.2784 -4.998 1.1792, 0.3547 -4.998 1.1792, 0.3547 -5.002 1.1792, 0.3184 -4.998 1.1792, 0.3547 -5.002 1.2037, 0.3547 -4.998 1.2037, 0.2784 -4.998 1.2037, 0.2784 -5.002 1.2037, 0.3184 -4.998 1.2037, 0.2784 -5.002 1.272, 0.2784 -4.998 1.272, 0.3608 -4.998 1.272, 0.3608 -5.002 1.272, 0.3184 -4.998 1.272, 0.3608 -5.002 1.2966, 0.3608 -4.998 1.2966, 0.2508 -4.998 1.2966, 0.2508 -5.002 1.2966, 0.3184 -4.998 1.2966, 0.2508 -5.002 1.083, 0.2508 -4.998 1.083, 0.3184 -4.998 1.083, 0.539 -5.002 1.1433, 0.528 -5.002 1.1297, 0.5476 -5.002 1.113, 0.5253 -5.002 1.1272, 0.5251 -5.002 1.0968, 0.5115 -5.002 1.1176, 0.5007 -5.002 1.0874, 0.4938 -5.002 1.1108, 0.4647 -5.002 1.083, 0.4645 -5.002 1.1074, 0.406 -5.002 1.083, 0.4335 -5.002 1.1074, 0.406 -5.002 1.2966, 0.4335 -5.002 1.272, 0.4669 -5.002 1.2966, 0.4658 -5.002 1.272, 0.4995 -5.002 1.293, 0.4936 -5.002 1.2689, 0.5253 -5.002 1.2835, 0.5121 -5.002 1.2621, 0.5476 -5.002 1.2683, 0.5274 -5.002 1.2519, 0.5553 -5.002 1.2608, 0.5351 -5.002 1.244, 0.5685 -5.002 1.2421, 0.543 -5.002 1.2315, 0.5763 -5.002 1.2217, 0.5485 -5.002 1.2149, 0.5798 -5.002 1.1925, 0.5508 -5.002 1.1918, 0.5788 -5.002 1.1754, 0.5502 -5.002 1.179, 0.573 -5.002 1.151, 0.5462 -5.002 1.1593, 0.5618 -5.002 1.1293, 0.4647 -4.998 1.083, 0.406 -4.998 1.083, 0.5007 -4.998 1.0874, 0.5251 -4.998 1.0968, 0.5476 -4.998 1.113, 0.5618 -4.998 1.1293, 0.573 -4.998 1.151, 0.5788 -4.998 1.1754, 0.5798 -4.998 1.1925, 0.5763 -4.998 1.2217, 0.5685 -4.998 1.2421, 0.5553 -4.998 1.2608, 0.5476 -4.998 1.2683, 0.5253 -4.998 1.2835, 0.4995 -4.998 1.293, 0.4669 -4.998 1.2966, 0.406 -4.998 1.2966, 0.4658 -4.998 1.272, 0.4335 -4.998 1.272, 0.4335 -4.998 1.1074, 0.4645 -4.998 1.1074, 0.528 -4.998 1.1297, 0.5253 -4.998 1.1272, 0.5115 -4.998 1.1176, 0.4938 -4.998 1.1108, 0.5508 -4.998 1.1918, 0.5502 -4.998 1.179, 0.5462 -4.998 1.1593, 0.539 -4.998 1.1433, 0.5274 -4.998 1.2519, 0.5351 -4.998 1.244, 0.543 -4.998 1.2315, 0.5485 -4.998 1.2149, 0.4936 -4.998 1.2689, 0.5121 -4.998 1.2621
            ]
        }
        coordIndex [
            0,1,2,-1,3,4,2,-1,2,4,5,-1,2,5,0,-1,3,6,4,-1,4,6,7,-1,4,7,8,-1,9,8,10,-1,10,8,7,-1,9,10,11,-1,11,10,12,-1,13,14,15,-1,15,14,11,-1,15,11,16,-1,16,11,12,-1,14,13,17,-1,17,13,18,-1,18,19,17,-1,17,19,20,-1,17,20,21,-1,21,20,22,-1,21,22,23,-1,23,22,24,-1,23,24,25,-1,25,24,26,-1,25,26,27,-1,27,26,28,-1,27,28,29,-1,29,28,30,-1,29,30,31,-1,31,30,32,-1,31,32,33,-1,33,32,34,-1,33,34,35,-1,35,34,36,-1,35,36,37,-1,37,36,38,-1,37,38,39,-1,39,38,40,-1,39,40,41,-1,41,40,42,-1,41,42,43,-1,43,42,44,-1,43,44,45,-1,45,44,46,-1,45,46,47,-1,47,46,48,-1,47,48,49,-1,49,48,50,-1,49,50,51,-1,51,50,52,-1,51,52,53,-1,53,52,54,-1,53,54,55,-1,55,54,56,-1,55,56,57,-1,57,56,58,-1,57,58,59,-1,59,58,60,-1,59,60,61,-1,61,60,62,-1,61,62,63,-1,63,62,64,-1,63,64,65,-1,65,64,66,-1,65,66,67,-1,67,66,68,-1,67,68,69,-1,69,68,70,-1,69,70,71,-1,71,70,72,-1,71,72,73,-1,73,72,74,-1,73,74,75,-1,76,75,77,-1,77,75,74,-1,76,77,78,-1,76,78,79,-1,79,78,80,-1,79,80,81,-1,81,80,82,-1,81,82,83,-1,83,82,84,-1,83,84,85,-1,85,84,86,-1,85,86,87,-1,87,86,88,-1,88,86,89,-1,89,90,88,-1,88,90,91,-1,88,91,92,-1,92,91,93,-1,92,93,94,-1,94,93,95,-1,94,95,96,-1,96,95,97,-1,96,97,98,-1,98,97,99,-1,98,99,100,-1,100,99,101,-1,100,101,102,-1,103,104,105,-1,102,101,106,-1,102,106,107,-1,107,106,108,-1,107,108,105,-1,105,108,109,-1,105,109,103,-1,104,103,110,-1,104,110,111,-1,111,110,112,-1,111,112,113,-1,113,112,114,-1,113,114,115,-1,115,114,116,-1,115,116,117,-1,117,116,118,-1,117,118,119,-1,119,118,120,-1,119,120,121,-1,121,120,122,-1,121,122,123,-1,123,122,124,-1,123,124,125,-1,125,124,126,-1,125,126,127,-1,127,126,128,-1,127,128,129,-1,129,128,130,-1,129,130,131,-1,131,130,132,-1,131,132,133,-1,133,132,134,-1,133,134,135,-1,135,134,1,-1,135,1,0,-1,61,63,85,-1,85,63,83,-1,111,43,104,-1,104,43,45,-1,14,0,11,-1,11,0,5,-1,11,5,9,-1,9,5,4,-1,9,4,8,-1,63,65,83,-1,83,65,67,-1,83,67,81,-1,81,67,69,-1,81,69,79,-1,79,69,71,-1,79,71,76,-1,76,71,73,-1,76,73,75,-1,21,23,127,-1,127,23,25,-1,127,25,125,-1,125,25,27,-1,125,27,123,-1,123,27,29,-1,123,29,121,-1,121,29,31,-1,121,31,119,-1,119,31,33,-1,119,33,117,-1,117,33,35,-1,117,35,115,-1,115,35,37,-1,115,37,113,-1,113,37,39,-1,113,39,111,-1,111,39,41,-1,111,41,43,-1,127,129,21,-1,21,129,131,-1,21,131,17,-1,17,131,133,-1,17,133,14,-1,14,133,135,-1,14,135,0,-1,85,87,61,-1,61,87,88,-1,61,88,59,-1,59,88,92,-1,59,92,57,-1,57,92,94,-1,57,94,55,-1,55,94,96,-1,55,96,53,-1,53,96,98,-1,53,98,51,-1,51,98,100,-1,51,100,49,-1,49,100,102,-1,49,102,47,-1,47,102,107,-1,47,107,45,-1,45,107,105,-1,45,105,104,-1,136,137,138,-1,138,137,139,-1,140,136,141,-1,141,136,138,-1,140,141,142,-1,140,142,143,-1,143,142,144,-1,143,144,145,-1,146,145,147,-1,147,145,144,-1,148,146,149,-1,149,146,147,-1,150,151,152,-1,152,151,148,-1,152,148,149,-1,153,151,154,-1,154,151,150,-1,155,156,157,-1,157,156,153,-1,157,153,154,-1,158,159,160,-1,160,159,156,-1,160,156,155,-1,159,158,161,-1,159,161,162,-1,162,161,163,-1,162,163,164,-1,163,165,164,-1,164,165,166,-1,164,166,167,-1,167,166,168,-1,167,168,169,-1,169,168,170,-1,169,170,171,-1,171,170,172,-1,171,172,173,-1,173,172,174,-1,173,174,175,-1,176,175,177,-1,177,175,174,-1,176,177,178,-1,176,178,179,-1,179,178,180,-1,179,180,181,-1,181,180,182,-1,181,182,183,-1,183,182,184,-1,183,184,185,-1,184,186,185,-1,185,186,187,-1,185,187,188,-1,188,187,189,-1,188,189,190,-1,190,189,191,-1,190,191,192,-1,192,191,193,-1,192,193,194,-1,139,137,195,-1,195,137,194,-1,195,194,193,-1,143,145,194,-1,137,136,194,-1,194,136,140,-1,194,140,143,-1,151,153,148,-1,148,153,156,-1,148,156,146,-1,192,162,190,-1,190,162,164,-1,175,176,173,-1,173,176,179,-1,173,179,171,-1,171,179,181,-1,171,181,169,-1,169,181,183,-1,169,183,167,-1,167,183,185,-1,167,185,164,-1,164,185,188,-1,164,188,190,-1,145,146,194,-1,194,146,156,-1,194,156,192,-1,192,156,159,-1,192,159,162,-1,196,197,198,-1,198,197,199,-1,200,201,202,-1,202,201,196,-1,202,196,198,-1,203,201,204,-1,204,201,200,-1,205,206,207,-1,207,206,203,-1,207,203,204,-1,208,206,209,-1,209,206,205,-1,210,211,212,-1,212,211,208,-1,212,208,209,-1,213,211,214,-1,214,211,210,-1,215,216,217,-1,217,216,213,-1,217,213,214,-1,218,216,219,-1,219,216,215,-1,220,221,222,-1,222,221,218,-1,222,218,219,-1,223,221,224,-1,224,221,220,-1,199,197,225,-1,225,197,223,-1,225,223,224,-1,223,197,196,-1,196,201,223,-1,223,201,203,-1,223,203,221,-1,216,218,213,-1,213,218,221,-1,213,221,211,-1,211,221,203,-1,211,203,208,-1,208,203,206,-1,226,227,228,-1,228,227,229,-1,228,229,230,-1,230,229,231,-1,230,231,232,-1,232,231,233,-1,232,233,234,-1,234,233,235,-1,234,235,236,-1,236,235,237,-1,236,237,238,-1,238,237,239,-1,238,239,240,-1,240,239,241,-1,240,241,242,-1,242,241,243,-1,242,243,244,-1,244,243,245,-1,244,245,246,-1,246,245,247,-1,246,247,248,-1,248,247,249,-1,248,249,250,-1,250,249,251,-1,250,251,252,-1,252,251,253,-1,252,253,254,-1,254,253,255,-1,254,255,256,-1,256,255,257,-1,256,257,258,-1,258,257,259,-1,258,259,260,-1,260,259,226,-1,260,226,228,-1,234,236,261,-1,261,236,262,-1,234,261,263,-1,234,263,232,-1,232,263,264,-1,232,264,230,-1,230,264,265,-1,230,265,228,-1,228,265,266,-1,228,266,260,-1,260,266,267,-1,260,267,258,-1,258,267,268,-1,258,268,256,-1,256,268,269,-1,256,269,254,-1,254,269,270,-1,254,270,252,-1,252,270,271,-1,252,271,250,-1,250,271,272,-1,250,272,248,-1,248,272,273,-1,248,273,246,-1,246,273,274,-1,246,274,244,-1,244,274,275,-1,244,275,242,-1,242,275,276,-1,242,276,240,-1,238,240,277,-1,277,240,276,-1,236,238,262,-1,262,238,277,-1,241,239,278,-1,278,239,279,-1,239,237,279,-1,279,237,280,-1,237,235,280,-1,280,235,281,-1,227,282,283,-1,227,283,229,-1,229,283,284,-1,229,284,231,-1,231,284,285,-1,231,285,233,-1,233,285,281,-1,233,281,235,-1,255,286,287,-1,255,287,257,-1,257,287,288,-1,257,288,259,-1,259,288,289,-1,259,289,226,-1,226,289,282,-1,226,282,227,-1,247,290,291,-1,247,291,249,-1,249,291,292,-1,249,292,251,-1,251,292,293,-1,251,293,253,-1,253,293,286,-1,253,286,255,-1,241,278,294,-1,241,294,243,-1,243,294,295,-1,243,295,245,-1,245,295,290,-1,245,290,247,-1,
        ]
    }
}
Shape{
    appearance Appearance {
        material  Material 	{
            diffuseColor 0.25098039215686274 0.25098039215686274 0.25098039215686274
            specularColor 0.12549019607843137 0.12549019607843137 0.12549019607843137
            ambientIntensity 0.251
            transparency 0.0
            shininess 0.5
        }
    }
    geometry IndexedFaceSet {
        ccw TRUE
        solid FALSE
        coord DEF co Coordinate {
            point [
                0.4335 -4.998 1.272, 0.4335 -4.998 1.1074, 0.4658 -4.998 1.272, 0.4645 -4.998 1.1074, 0.5253 -4.998 1.1272, 0.528 -4.998 1.1297, 0.4938 -4.998 1.1108, 0.5115 -4.998 1.1176, 0.539 -4.998 1.1433, 0.5462 -4.998 1.1593, 0.5502 -4.998 1.179, 0.5508 -4.998 1.1918, 0.5485 -4.998 1.2149, 0.543 -4.998 1.2315, 0.5351 -4.998 1.244, 0.5274 -4.998 1.2519, 0.4936 -4.998 1.2689, 0.5121 -4.998 1.2621
            ]
        }
        coordIndex [
            0,1,2,-1,2,1,3,-1,2,4,5,-1,3,6,2,-1,2,6,7,-1,2,7,4,-1,5,8,2,-1,2,8,9,-1,2,9,10,-1,10,11,2,-1,2,11,12,-1,2,12,13,-1,13,14,2,-1,2,14,15,-1,2,15,16,-1,16,15,17,-1,
        ]
    }
}
Shape{
    appearance Appearance {
        material  Material 	{
            diffuseColor 1.0 1.0 1.0
            specularColor 0.5019607843137255 0.5019607843137255 0.5019607843137255
            ambientIntensity 1.0
            transparency 0.0
            shininess 0.5
        }
    }
    geometry IndexedFaceSet {
        ccw TRUE
        solid FALSE
        coord DEF co Coordinate {
            point [
                0.6514 -5.002 1.1656, 0.6426 -5.002 1.1414, 0.723 -5.002 1.1656, 0.7316 -5.002 1.1414, 0.6833 -5.002 1.2543, 0.673 -5.002 1.2966, 0.5917 -5.002 1.083, 0.6221 -5.002 1.083, 0.6852 -5.002 1.2607, 0.6868 -5.002 1.2693, 0.7025 -5.002 1.2966, 0.6875 -5.002 1.2693, 0.6892 -5.002 1.2602, 0.6908 -5.002 1.2543, 0.7838 -5.002 1.083, 0.7533 -5.002 1.083, 0.7025 -4.998 1.2966, 0.7838 -4.998 1.083, 0.673 -4.998 1.2966, 0.5917 -4.998 1.083, 0.6221 -4.998 1.083, 0.6426 -4.998 1.1414, 0.7316 -4.998 1.1414, 0.7533 -4.998 1.083, 0.6514 -4.998 1.1656, 0.723 -4.998 1.1656, 0.6908 -4.998 1.2543, 0.6875 -4.998 1.2693, 0.6892 -4.998 1.2602, 0.6868 -4.998 1.2693, 0.6833 -4.998 1.2543, 0.6852 -4.998 1.2607
            ]
        }
        coordIndex [
            0,1,2,-1,2,1,3,-1,4,5,0,-1,0,5,6,-1,0,6,1,-1,1,6,7,-1,4,8,5,-1,5,8,9,-1,5,9,10,-1,10,9,11,-1,10,11,12,-1,12,13,10,-1,10,13,2,-1,10,2,14,-1,14,2,3,-1,14,3,15,-1,10,14,16,-1,16,14,17,-1,5,10,18,-1,18,10,16,-1,6,5,19,-1,19,5,18,-1,7,6,20,-1,20,6,19,-1,1,7,21,-1,21,7,20,-1,3,1,22,-1,22,1,21,-1,15,3,23,-1,23,3,22,-1,14,15,17,-1,17,15,23,-1,0,2,24,-1,24,2,25,-1,2,13,25,-1,25,13,26,-1,11,27,28,-1,11,28,12,-1,12,28,26,-1,12,26,13,-1,11,9,27,-1,27,9,29,-1,4,30,31,-1,4,31,8,-1,8,31,29,-1,8,29,9,-1,4,0,30,-1,30,0,24,-1,
        ]
    }
}
Shape{
    appearance Appearance {
        material  Material 	{
            diffuseColor 0.25098039215686274 0.25098039215686274 0.25098039215686274
            specularColor 0.12549019607843137 0.12549019607843137 0.12549019607843137
            ambientIntensity 0.251
            transparency 0.0
            shininess 0.5
        }
    }
    geometry IndexedFaceSet {
        ccw TRUE
        solid FALSE
        coord DEF co Coordinate {
            point [
                0.6875 -4.998 1.2693, 0.6868 -4.998 1.2693, 0.6892 -4.998 1.2602, 0.6852 -4.998 1.2607, 0.6908 -4.998 1.2543, 0.6833 -4.998 1.2543, 0.723 -4.998 1.1656, 0.6514 -4.998 1.1656
            ]
        }
        coordIndex [
            0,1,2,-1,2,1,3,-1,2,3,4,-1,4,3,5,-1,4,5,6,-1,6,5,7,-1,
        ]
    }
}
Shape{
    appearance Appearance {
        material  Material 	{
            diffuseColor 1.0 1.0 1.0
            specularColor 0.5019607843137255 0.5019607843137255 0.5019607843137255
            ambientIntensity 1.0
            transparency 0.0
            shininess 0.5
        }
    }
    geometry IndexedFaceSet {
        ccw TRUE
        solid FALSE
        coord DEF co Coordinate {
            point [
                -1.3237 -5.002 1.4508, -1.2899 -5.002 1.4688, -1.2978 -5.002 1.5622, -1.0304 -5.002 1.0467, -1.0124 -5.002 1.0805, -1.0035 -5.002 1.118, -1.2031 -5.002 1.5666, -1.156 -5.002 1.4558, -1.1328 -5.002 1.5038, -1.2123 -5.002 1.1138, -1.2151 -5.002 1.128, -1.2972 -5.002 1.1871, -1.2987 -5.002 1.0853, -1.3179 -5.002 1.0911, -1.3303 -5.002 1.2075, -1.238 -5.002 1.5696, -0.7902 -5.002 1.2614, -0.8372 -5.002 1.3419, -1.0027 -5.002 1.1491, -1.0406 -5.002 1.2356, -1.0027 -5.002 1.1339, -1.0839 -5.002 0.9997, -1.0536 -5.002 1.0207, -1.2063 -5.002 1.101, -1.2609 -5.002 1.0249, -1.2835 -5.002 1.0527, -0.7401 -5.002 1.4117, -0.7279 -5.002 1.4117, -0.6657 -5.002 1.4937, -0.699 -5.002 1.4082, -0.6583 -5.002 1.4912, -0.6725 -5.002 1.3979, -0.6131 -5.002 1.4688, -0.5719 -5.002 1.434, -1.172 -5.002 1.6028, -1.0988 -5.002 1.5445, -1.1363 -5.002 1.6334, -1.0581 -5.002 1.5742, -1.099 -5.002 1.6565, -1.2524 -5.002 1.4777, -1.2365 -5.002 1.4785, -1.2205 -5.002 1.5687, -1.2007 -5.002 1.4741, -1.1667 -5.002 1.4616, -1.1079 -5.002 1.098, -1.1161 -5.002 1.0887, -1.1277 -5.002 1.0804, -1.1177 -5.002 0.9866, -1.1408 -5.002 1.0752, -1.1545 -5.002 0.9821, -1.156 -5.002 1.0732, -1.1603 -5.002 0.9822, -1.1586 -5.002 1.0733, -1.1961 -5.002 0.9878, -1.1722 -5.002 1.0755, -1.2312 -5.002 1.0025, -1.186 -5.002 1.0814, -1.1976 -5.002 1.0903, -1.1007 -5.002 1.1536, -1.0972 -5.002 1.1395, -1.0972 -5.002 1.1256, -1.1008 -5.002 1.111, -0.5716 -5.002 1.1506, -0.6423 -5.002 1.2109, -0.6128 -5.002 1.1157, -0.6647 -5.002 1.1926, -0.6592 -5.002 1.093, -0.6915 -5.002 1.1802, -0.7097 -5.002 1.0823, -0.7188 -5.002 1.1749, -0.7993 -5.002 1.0823, -0.7871 -5.002 1.1749, -0.8078 -5.002 1.0837, -1.2143 -5.002 1.1428, -1.2098 -5.002 1.1571, -1.2805 -5.002 1.2196, -1.202 -5.002 1.1697, -1.2554 -5.002 1.2484, -1.196 -5.002 1.176, -1.2243 -5.002 1.2699, -1.1841 -5.002 1.1845, -1.1908 -5.002 1.2828, -1.1709 -5.002 1.1897, -1.1545 -5.002 1.2872, -1.156 -5.002 1.1916, -1.1361 -5.002 1.2862, -1.1434 -5.002 1.1902, -1.0994 -5.002 1.2771, -1.1293 -5.002 1.1852, -1.0672 -5.002 1.2598, -1.1171 -5.002 1.1769, -1.1073 -5.002 1.166, -0.649 -5.002 1.3815, -0.6316 -5.002 1.3621, -0.5409 -5.002 1.3908, -0.6174 -5.002 1.3359, -0.5223 -5.002 1.3444, -0.6103 -5.002 1.3068, -0.5154 -5.002 1.2948, -0.6095 -5.002 1.2933, -0.5223 -5.002 1.2407, -0.6132 -5.002 1.2637, -0.5414 -5.002 1.1926, -0.6236 -5.002 1.2367, -0.6403 -5.002 1.213, -0.7477 -5.002 1.6136, -0.8071 -5.002 1.5439, -0.6972 -5.002 1.5552, -0.7729 -5.002 1.5031, -0.7494 -5.002 1.4542, -1.3838 -5.002 1.3635, -1.4835 -5.002 1.3382, -1.3883 -5.002 1.3267, -1.4839 -5.002 1.3237, -1.3865 -5.002 1.3032, -1.4766 -5.002 1.2642, -1.3755 -5.002 1.266, -1.4548 -5.002 1.2077, -1.3575 -5.002 1.2354, -1.4202 -5.002 1.1582, -1.3728 -5.002 1.1178, -1.0289 -5.002 1.6834, -1.0085 -5.002 1.5943, -0.9541 -5.002 1.6926, -0.9526 -5.002 1.6015, -0.8888 -5.002 1.6854, -0.9011 -5.002 1.5952, -0.8129 -5.002 1.6579, -0.8535 -5.002 1.5769, -0.8108 -5.002 1.5473, -1.3541 -5.002 1.5404, -1.4023 -5.002 1.5064, -1.3497 -5.002 1.4276, -1.4126 -5.002 1.4967, -1.3707 -5.002 1.3974, -1.4491 -5.002 1.4499, -1.4733 -5.002 1.3953, -0.7948 -5.002 1.1763, -0.8312 -5.002 1.0982, -0.8277 -5.002 1.0946, -0.7902 -5.002 1.1753, -0.8179 -5.002 1.0876, -0.8433 -5.002 1.1294, -0.8419 -5.002 1.1181, -0.8379 -5.002 1.1078, -0.808 -5.002 1.1749, -0.8184 -5.002 1.1708, -0.8429 -5.002 1.1354, -0.8277 -5.002 1.1642, -0.834 -5.002 1.1573, -0.8399 -5.002 1.1469, -0.7962 -5.002 1.1764, -0.5154 -4.998 1.2948, -0.5223 -4.998 1.3444, -0.5275 -4.998 1.3574, -0.5409 -4.998 1.3908, -0.5719 -4.998 1.434, -0.6131 -4.998 1.4688, -0.6583 -4.998 1.4912, -0.6657 -4.998 1.4937, -0.6972 -4.998 1.5552, -0.7477 -4.998 1.6136, -0.7822 -4.998 1.6371, -0.8129 -4.998 1.6579, -0.8888 -4.998 1.6854, -0.9541 -4.998 1.6926, -1.0289 -4.998 1.6834, -1.099 -4.998 1.6565, -1.1303 -4.998 1.6371, -1.1363 -4.998 1.6334, -1.172 -4.998 1.6028, -1.2031 -4.998 1.5666, -1.2205 -4.998 1.5687, -1.238 -4.998 1.5696, -1.2978 -4.998 1.5622, -1.3541 -4.998 1.5404, -1.4023 -4.998 1.5064, -1.4126 -4.998 1.4967, -1.4839 -4.998 1.3237, -1.4491 -4.998 1.4499, -1.4733 -4.998 1.3953, -1.4801 -4.998 1.3574, -1.4835 -4.998 1.3382, -1.4766 -4.998 1.2642, -1.4548 -4.998 1.2077, -1.4202 -4.998 1.1582, -1.3728 -4.998 1.1178, -1.3179 -4.998 1.0911, -1.2987 -4.998 1.0853, -1.2968 -4.998 1.0812, -1.2835 -4.998 1.0527, -1.2609 -4.998 1.0249, -1.2312 -4.998 1.0025, -1.2173 -4.998 0.9967, -1.1961 -4.998 0.9878, -1.1603 -4.998 0.9822, -1.1545 -4.998 0.9821, -1.0027 -4.998 1.1339, -1.1177 -4.998 0.9866, -1.0917 -4.998 0.9967, -1.0839 -4.998 0.9997, -1.0536 -4.998 1.0207, -1.0304 -4.998 1.0467, -1.0124 -4.998 1.0805, -1.0123 -4.998 1.0812, -1.0035 -4.998 1.118, -1.0027 -4.998 1.1491, -0.7902 -4.998 1.2614, -0.8372 -4.998 1.3419, -1.0406 -4.998 1.2356, -1.0672 -4.998 1.2598, -1.0994 -4.998 1.2771, -1.1361 -4.998 1.2862, -1.1545 -4.998 1.2872, -1.1908 -4.998 1.2828, -1.2243 -4.998 1.2699, -1.2554 -4.998 1.2484, -1.2805 -4.998 1.2196, -1.2972 -4.998 1.1871, -1.3303 -4.998 1.2075, -1.3575 -4.998 1.2354, -1.3755 -4.998 1.266, -1.3865 -4.998 1.3032, -1.3883 -4.998 1.3267, -1.3845 -4.998 1.3574, -1.3838 -4.998 1.3635, -1.3707 -4.998 1.3974, -1.3497 -4.998 1.4276, -1.3237 -4.998 1.4508, -1.2899 -4.998 1.4688, -1.2524 -4.998 1.4777, -1.2365 -4.998 1.4785, -1.2007 -4.998 1.4741, -1.1667 -4.998 1.4616, -1.156 -4.998 1.4558, -1.1328 -4.998 1.5038, -1.0988 -4.998 1.5445, -1.0581 -4.998 1.5742, -1.0085 -4.998 1.5943, -0.9526 -4.998 1.6015, -0.9011 -4.998 1.5952, -0.8535 -4.998 1.5769, -0.8108 -4.998 1.5473, -0.8071 -4.998 1.5439, -0.7729 -4.998 1.5031, -0.7494 -4.998 1.4542, -0.7401 -4.998 1.4117, -0.7279 -4.998 1.4117, -0.699 -4.998 1.4082, -0.6725 -4.998 1.3979, -0.649 -4.998 1.3815, -0.6316 -4.998 1.3621, -0.629 -4.998 1.3574, -0.6174 -4.998 1.3359, -0.6103 -4.998 1.3068, -0.6095 -4.998 1.2933, -0.6132 -4.998 1.2637, -0.6236 -4.998 1.2367, -0.6403 -4.998 1.213, -0.6423 -4.998 1.2109, -0.6647 -4.998 1.1926, -0.6915 -4.998 1.1802, -0.7188 -4.998 1.1749, -0.7871 -4.998 1.1749, -0.7902 -4.998 1.1753, -0.7948 -4.998 1.1763, -0.7962 -4.998 1.1764, -0.808 -4.998 1.1749, -0.8184 -4.998 1.1708, -0.8277 -4.998 1.1642, -0.834 -4.998 1.1573, -0.8399 -4.998 1.1469, -0.8429 -4.998 1.1354, -0.8433 -4.998 1.1294, -0.8419 -4.998 1.1181, -0.8379 -4.998 1.1078, -0.8312 -4.998 1.0982, -0.8277 -4.998 1.0946, -0.8179 -4.998 1.0876, -0.8078 -4.998 1.0837, -0.7993 -4.998 1.0823, -0.7097 -4.998 1.0823, -0.6592 -4.998 1.093, -0.6128 -4.998 1.1157, -0.5716 -4.998 1.1506, -0.5414 -4.998 1.1926, -0.5223 -4.998 1.2407, -1.156 -4.998 1.1916, -1.1434 -4.998 1.1902, -1.1293 -4.998 1.1852, -1.1171 -4.998 1.1769, -1.1073 -4.998 1.166, -1.1007 -4.998 1.1536, -1.0972 -4.998 1.1395, -1.0972 -4.998 1.1256, -1.1008 -4.998 1.111, -1.1079 -4.998 1.098, -1.1161 -4.998 1.0887, -1.1277 -4.998 1.0804, -1.1408 -4.998 1.0752, -1.156 -4.998 1.0732, -1.1586 -4.998 1.0733, -1.1722 -4.998 1.0755, -1.186 -4.998 1.0814, -1.1976 -4.998 1.0903, -1.2063 -4.998 1.101, -1.2123 -4.998 1.1138, -1.2151 -4.998 1.128, -1.2143 -4.998 1.1428, -1.2098 -4.998 1.1571, -1.202 -4.998 1.1697, -1.196 -4.998 1.176, -1.1841 -4.998 1.1845, -1.1709 -4.998 1.1897
            ]
        }
        coordIndex [
            0,1,2,-1,3,4,5,-1,6,7,8,-1,9,10,11,-1,12,11,13,-1,13,11,14,-1,2,1,15,-1,16,17,18,-1,18,17,19,-1,18,19,20,-1,20,19,21,-1,20,21,5,-1,5,21,22,-1,5,22,3,-1,23,9,24,-1,24,9,11,-1,24,11,25,-1,25,11,12,-1,26,27,28,-1,28,27,29,-1,28,29,30,-1,30,29,31,-1,30,31,32,-1,32,31,33,-1,6,8,34,-1,34,8,35,-1,34,35,36,-1,36,35,37,-1,36,37,38,-1,1,39,15,-1,15,39,40,-1,15,40,41,-1,41,40,42,-1,41,42,6,-1,6,42,43,-1,6,43,7,-1,44,45,21,-1,21,45,46,-1,21,46,47,-1,47,46,48,-1,47,48,49,-1,49,48,50,-1,49,50,51,-1,51,50,52,-1,51,52,53,-1,53,52,54,-1,53,54,55,-1,55,54,56,-1,55,56,24,-1,24,56,57,-1,24,57,23,-1,58,59,19,-1,19,59,60,-1,19,60,21,-1,21,60,61,-1,21,61,44,-1,62,63,64,-1,64,63,65,-1,64,65,66,-1,66,65,67,-1,66,67,68,-1,68,67,69,-1,68,69,70,-1,70,69,71,-1,70,71,72,-1,10,73,11,-1,11,73,74,-1,11,74,75,-1,75,74,76,-1,75,76,77,-1,77,76,78,-1,77,78,79,-1,79,78,80,-1,79,80,81,-1,81,80,82,-1,81,82,83,-1,83,82,84,-1,83,84,85,-1,85,84,86,-1,85,86,87,-1,87,86,88,-1,87,88,89,-1,89,88,90,-1,89,90,19,-1,19,90,91,-1,19,91,58,-1,31,92,33,-1,33,92,93,-1,33,93,94,-1,94,93,95,-1,94,95,96,-1,96,95,97,-1,96,97,98,-1,98,97,99,-1,98,99,100,-1,100,99,101,-1,100,101,102,-1,102,101,103,-1,102,103,62,-1,62,103,104,-1,62,104,63,-1,105,106,107,-1,107,106,108,-1,107,108,28,-1,28,108,109,-1,28,109,26,-1,110,111,112,-1,112,111,113,-1,112,113,114,-1,114,113,115,-1,114,115,116,-1,116,115,117,-1,116,117,118,-1,118,117,119,-1,118,119,14,-1,14,119,120,-1,14,120,13,-1,38,37,121,-1,121,37,122,-1,121,122,123,-1,123,122,124,-1,123,124,125,-1,125,124,126,-1,125,126,127,-1,127,126,128,-1,127,128,105,-1,105,128,129,-1,105,129,106,-1,2,130,0,-1,0,130,131,-1,0,131,132,-1,132,131,133,-1,132,133,134,-1,134,133,135,-1,134,135,110,-1,110,135,136,-1,110,136,111,-1,137,138,139,-1,71,140,72,-1,72,140,137,-1,72,137,141,-1,141,137,139,-1,142,143,137,-1,137,143,144,-1,137,144,138,-1,145,146,147,-1,146,148,147,-1,147,148,149,-1,147,149,150,-1,142,137,147,-1,147,137,151,-1,147,151,145,-1,98,152,153,-1,98,153,96,-1,96,153,154,-1,96,154,94,-1,154,155,94,-1,94,155,156,-1,94,156,33,-1,33,156,157,-1,33,157,32,-1,32,157,158,-1,32,158,30,-1,30,158,159,-1,30,159,28,-1,28,159,160,-1,28,160,107,-1,107,160,161,-1,107,161,105,-1,127,105,162,-1,162,105,161,-1,162,163,127,-1,127,163,164,-1,127,164,125,-1,125,164,165,-1,125,165,123,-1,123,165,166,-1,123,166,121,-1,121,166,167,-1,121,167,38,-1,38,167,36,-1,36,167,168,-1,36,168,169,-1,36,169,170,-1,36,170,34,-1,34,170,171,-1,34,171,6,-1,6,171,172,-1,6,172,41,-1,41,172,173,-1,41,173,15,-1,15,173,174,-1,15,174,2,-1,2,174,175,-1,2,175,130,-1,130,175,176,-1,130,176,131,-1,131,176,177,-1,131,177,133,-1,178,113,111,-1,133,177,179,-1,133,179,135,-1,135,179,180,-1,135,180,136,-1,136,180,181,-1,136,181,111,-1,111,181,182,-1,111,182,178,-1,113,178,183,-1,113,183,115,-1,115,183,184,-1,115,184,117,-1,117,184,185,-1,117,185,119,-1,119,185,186,-1,119,186,120,-1,120,186,187,-1,120,187,13,-1,13,187,188,-1,13,188,12,-1,12,188,189,-1,12,189,25,-1,189,190,25,-1,25,190,191,-1,25,191,24,-1,24,191,192,-1,24,192,55,-1,55,192,193,-1,55,193,53,-1,193,194,53,-1,53,194,195,-1,53,195,51,-1,51,195,196,-1,51,196,49,-1,197,20,5,-1,49,196,198,-1,199,21,198,-1,198,21,47,-1,198,47,49,-1,199,200,21,-1,21,200,201,-1,21,201,22,-1,22,201,202,-1,22,202,3,-1,3,202,203,-1,3,203,4,-1,4,203,204,-1,4,204,5,-1,5,204,205,-1,5,205,197,-1,18,20,206,-1,206,20,197,-1,16,18,207,-1,207,18,206,-1,17,16,208,-1,208,16,207,-1,19,17,209,-1,209,17,208,-1,19,209,210,-1,19,210,89,-1,89,210,211,-1,89,211,87,-1,87,211,212,-1,87,212,85,-1,85,212,213,-1,85,213,83,-1,83,213,214,-1,83,214,81,-1,81,214,215,-1,81,215,79,-1,79,215,216,-1,79,216,77,-1,77,216,217,-1,77,217,75,-1,75,217,218,-1,75,218,11,-1,11,218,219,-1,11,219,14,-1,14,219,220,-1,14,220,118,-1,118,220,221,-1,118,221,116,-1,116,221,222,-1,116,222,114,-1,114,222,223,-1,114,223,112,-1,112,223,110,-1,110,223,224,-1,224,225,110,-1,110,225,226,-1,110,226,134,-1,134,226,227,-1,134,227,132,-1,132,227,228,-1,132,228,0,-1,0,228,229,-1,0,229,1,-1,1,229,230,-1,1,230,39,-1,39,230,231,-1,39,231,40,-1,40,231,232,-1,40,232,42,-1,42,232,233,-1,42,233,43,-1,43,233,234,-1,43,234,7,-1,7,234,235,-1,7,235,8,-1,8,235,236,-1,8,236,35,-1,35,236,237,-1,35,237,37,-1,37,237,238,-1,37,238,122,-1,122,238,239,-1,122,239,124,-1,124,239,240,-1,124,240,126,-1,126,240,241,-1,126,241,128,-1,128,241,242,-1,128,242,129,-1,129,242,243,-1,129,243,106,-1,106,243,244,-1,106,244,108,-1,108,244,245,-1,108,245,109,-1,109,245,246,-1,109,246,26,-1,27,26,247,-1,247,26,246,-1,27,247,248,-1,27,248,29,-1,29,248,249,-1,29,249,31,-1,31,249,250,-1,31,250,92,-1,92,250,251,-1,92,251,93,-1,93,251,252,-1,93,252,95,-1,252,253,95,-1,95,253,254,-1,95,254,97,-1,97,254,255,-1,97,255,99,-1,99,255,256,-1,99,256,101,-1,101,256,257,-1,101,257,103,-1,103,257,258,-1,103,258,104,-1,104,258,259,-1,104,259,63,-1,63,259,260,-1,63,260,65,-1,65,260,261,-1,65,261,67,-1,67,261,262,-1,67,262,69,-1,71,69,263,-1,263,69,262,-1,71,263,264,-1,71,264,140,-1,140,264,265,-1,140,265,137,-1,137,265,266,-1,137,266,151,-1,151,266,267,-1,151,267,145,-1,145,267,268,-1,145,268,146,-1,146,268,269,-1,146,269,148,-1,148,269,270,-1,148,270,149,-1,149,270,271,-1,149,271,150,-1,150,271,272,-1,150,272,147,-1,147,272,273,-1,147,273,142,-1,142,273,274,-1,142,274,143,-1,143,274,275,-1,143,275,144,-1,144,275,276,-1,144,276,138,-1,138,276,277,-1,138,277,139,-1,139,277,278,-1,139,278,141,-1,141,278,279,-1,141,279,72,-1,72,279,280,-1,72,280,70,-1,68,70,281,-1,281,70,280,-1,68,281,282,-1,68,282,66,-1,66,282,283,-1,66,283,64,-1,64,283,284,-1,64,284,62,-1,62,284,285,-1,62,285,102,-1,102,285,286,-1,102,286,100,-1,100,286,152,-1,100,152,98,-1,84,287,288,-1,84,288,86,-1,86,288,289,-1,86,289,88,-1,88,289,290,-1,88,290,90,-1,90,290,291,-1,90,291,91,-1,91,291,292,-1,91,292,58,-1,58,292,293,-1,58,293,59,-1,59,293,294,-1,59,294,60,-1,60,294,295,-1,60,295,61,-1,61,295,296,-1,61,296,44,-1,44,296,297,-1,44,297,45,-1,45,297,298,-1,45,298,46,-1,46,298,299,-1,46,299,48,-1,48,299,300,-1,48,300,50,-1,50,300,301,-1,50,301,52,-1,52,301,302,-1,52,302,54,-1,54,302,303,-1,54,303,56,-1,56,303,304,-1,56,304,57,-1,57,304,305,-1,57,305,23,-1,23,305,306,-1,23,306,9,-1,9,306,307,-1,9,307,10,-1,10,307,308,-1,10,308,73,-1,73,308,309,-1,73,309,74,-1,74,309,310,-1,74,310,76,-1,76,310,311,-1,76,311,78,-1,78,311,312,-1,78,312,80,-1,80,312,313,-1,80,313,82,-1,82,313,287,-1,82,287,84,-1,
        ]
    }
}
Shape{
    appearance Appearance {
        material  Material 	{
            diffuseColor 0.25098039215686274 0.25098039215686274 0.25098039215686274
            specularColor 0.12549019607843137 0.12549019607843137 0.12549019607843137
            ambientIntensity 0.251
            transparency 0.0
            shininess 0.5
        }
    }
    geometry IndexedFaceSet {
        ccw TRUE
        solid FALSE
        coord DEF co Coordinate {
            point [
                -1.1586 -4.998 1.0733, -1.196 -4.998 1.176, -1.202 -4.998 1.1697, -1.1408 -4.998 1.0752, -1.1277 -4.998 1.0804, -1.1434 -4.998 1.1902, -1.156 -4.998 1.1916, -1.1709 -4.998 1.1897, -1.1841 -4.998 1.1845, -1.2123 -4.998 1.1138, -1.2063 -4.998 1.101, -1.1976 -4.998 1.0903, -1.156 -4.998 1.0732, -1.2098 -4.998 1.1571, -1.2143 -4.998 1.1428, -1.2151 -4.998 1.128, -1.186 -4.998 1.0814, -1.1722 -4.998 1.0755, -1.1161 -4.998 1.0887, -1.1079 -4.998 1.098, -1.1008 -4.998 1.111, -1.0972 -4.998 1.1256, -1.0972 -4.998 1.1395, -1.1007 -4.998 1.1536, -1.1073 -4.998 1.166, -1.1171 -4.998 1.1769, -1.1293 -4.998 1.1852
            ]
        }
        coordIndex [
            0,1,2,-1,3,4,5,-1,6,7,0,-1,0,7,8,-1,0,8,1,-1,9,10,2,-1,2,10,11,-1,6,0,5,-1,5,0,12,-1,5,12,3,-1,13,14,2,-1,2,14,15,-1,2,15,9,-1,11,16,2,-1,2,16,17,-1,2,17,0,-1,4,18,5,-1,5,18,19,-1,5,19,20,-1,20,21,5,-1,5,21,22,-1,5,22,23,-1,23,24,5,-1,5,24,25,-1,5,25,26,-1,
        ]
    }
}
Shape{
    appearance Appearance {
        material  Material 	{
            diffuseColor 0.7529411764705882 0.7529411764705882 0.7529411764705882
            specularColor 0.3764705882352941 0.3764705882352941 0.3764705882352941
            ambientIntensity 0.7529
            transparency 0.0
            shininess 0.5
        }
    }
    geometry IndexedFaceSet {
        ccw TRUE
        solid FALSE
        coord DEF co Coordinate {
            point [
                -4.1181 4.002 -1.7716, -4.1338 4.0378 -1.769, -4.1141 4.0325 -1.7716, -4.1199 4.0712 -1.769, -4.1023 4.061 -1.7716, -4.0979 4.0999 -1.769, -4.0835 4.0855 -1.7716, -4.0692 4.1219 -1.769, -4.0591 4.1043 -1.7716, -4.0358 4.1357 -1.769, -4.0306 4.1161 -1.7716, -4.0 4.1405 -1.769, -4.0 4.1201 -1.7716, -3.9642 4.1357 -1.769, -3.9694 4.1161 -1.7716, -3.9308 4.1219 -1.769, -3.9409 4.1043 -1.7716, -3.9021 4.0999 -1.769, -3.9165 4.0855 -1.7716, -3.8801 4.0712 -1.769, -3.8977 4.061 -1.7716, -3.8662 4.0378 -1.769, -3.8859 4.0325 -1.7716, -3.8615 4.002 -1.769, -3.8819 4.002 -1.7716, -3.8662 3.9661 -1.769, -3.8859 3.9714 -1.7716, -3.8801 3.9327 -1.769, -3.8977 3.9429 -1.7716, -3.9021 3.904 -1.769, -3.9165 3.9185 -1.7716, -3.9308 3.882 -1.769, -3.9409 3.8997 -1.7716, -3.9642 3.8682 -1.769, -3.9694 3.8879 -1.7716, -4.0 3.8635 -1.769, -4.0 3.8839 -1.7716, -4.0358 3.8682 -1.769, -4.0306 3.8879 -1.7716, -4.0692 3.882 -1.769, -4.0591 3.8997 -1.7716, -4.0979 3.904 -1.769, -4.0835 3.9185 -1.7716, -4.1199 3.9327 -1.769, -4.1023 3.9429 -1.7716, -4.1338 3.9661 -1.769, -4.1141 3.9714 -1.7716, -4.1385 4.002 -1.769, -4.1521 4.0427 -1.7611, -4.1364 4.0807 -1.7611, -4.1114 4.1133 -1.7611, -4.0787 4.1384 -1.7611, -4.0408 4.1541 -1.7611, -4.0 4.1594 -1.7611, -3.9592 4.1541 -1.7611, -3.9213 4.1384 -1.7611, -3.8886 4.1133 -1.7611, -3.8636 4.0807 -1.7611, -3.8479 4.0427 -1.7611, -3.8425 4.002 -1.7611, -3.8479 3.9612 -1.7611, -3.8636 3.9232 -1.7611, -3.8886 3.8906 -1.7611, -3.9213 3.8656 -1.7611, -3.9592 3.8499 -1.7611, -4.0 3.8445 -1.7611, -4.0408 3.8499 -1.7611, -4.0787 3.8656 -1.7611, -4.1114 3.8906 -1.7611, -4.1364 3.9232 -1.7611, -4.1521 3.9612 -1.7611, -4.1575 4.002 -1.7611, -4.1679 4.0469 -1.7486, -4.1505 4.0889 -1.7486, -4.1229 4.1249 -1.7486, -4.0869 4.1525 -1.7486, -4.045 4.1698 -1.7486, -4.0 4.1758 -1.7486, -3.955 4.1698 -1.7486, -3.9131 4.1525 -1.7486, -3.8771 4.1249 -1.7486, -3.8495 4.0889 -1.7486, -3.8321 4.0469 -1.7486, -3.8262 4.002 -1.7486, -3.8321 3.957 -1.7486, -3.8495 3.9151 -1.7486, -3.8771 3.8791 -1.7486, -3.9131 3.8515 -1.7486, -3.955 3.8341 -1.7486, -4.0 3.8282 -1.7486, -4.045 3.8341 -1.7486, -4.0869 3.8515 -1.7486, -4.1229 3.8791 -1.7486, -4.1505 3.9151 -1.7486, -4.1679 3.957 -1.7486, -4.1738 4.002 -1.7486, -4.18 4.0502 -1.7323, -4.1613 4.0951 -1.7323, -4.1317 4.1337 -1.7323, -4.0932 4.1633 -1.7323, -4.0482 4.1819 -1.7323, -4.0 4.1883 -1.7323, -3.9518 4.1819 -1.7323, -3.9068 4.1633 -1.7323, -3.8683 4.1337 -1.7323, -3.8387 4.0951 -1.7323, -3.82 4.0502 -1.7323, -3.8137 4.002 -1.7323, -3.82 3.9538 -1.7323, -3.8387 3.9088 -1.7323, -3.8683 3.8702 -1.7323, -3.9068 3.8406 -1.7323, -3.9518 3.822 -1.7323, -4.0 3.8157 -1.7323, -4.0482 3.822 -1.7323, -4.0932 3.8406 -1.7323, -4.1317 3.8702 -1.7323, -4.1613 3.9088 -1.7323, -4.18 3.9538 -1.7323, -4.1863 4.002 -1.7323, -4.1876 4.0522 -1.7133, -4.1682 4.0991 -1.7133, -4.1373 4.1393 -1.7133, -4.0971 4.1701 -1.7133, -4.0503 4.1895 -1.7133, -4.0 4.1961 -1.7133, -3.9497 4.1895 -1.7133, -3.9029 4.1701 -1.7133, -3.8627 4.1393 -1.7133, -3.8318 4.0991 -1.7133, -3.8124 4.0522 -1.7133, -3.8058 4.002 -1.7133, -3.8124 3.9517 -1.7133, -3.8318 3.9049 -1.7133, -3.8627 3.8647 -1.7133, -3.9029 3.8338 -1.7133, -3.9497 3.8144 -1.7133, -4.0 3.8078 -1.7133, -4.0503 3.8144 -1.7133, -4.0971 3.8338 -1.7133, -4.1373 3.8647 -1.7133, -4.1682 3.9049 -1.7133, -4.1876 3.9517 -1.7133, -4.1942 4.002 -1.7133, -4.1901 4.0529 -1.6929, -4.1705 4.1004 -1.6929, -4.1392 4.1412 -1.6929, -4.0984 4.1724 -1.6929, -4.0509 4.1921 -1.6929, -4.0 4.1988 -1.6929, -3.9491 4.1921 -1.6929, -3.9016 4.1724 -1.6929, -3.8608 4.1412 -1.6929, -3.8295 4.1004 -1.6929, -3.8099 4.0529 -1.6929, -3.8031 4.002 -1.6929, -3.8099 3.951 -1.6929, -3.8295 3.9035 -1.6929, -3.8608 3.8628 -1.6929, -3.9016 3.8315 -1.6929, -3.9491 3.8118 -1.6929, -4.0 3.8051 -1.6929, -4.0509 3.8118 -1.6929, -4.0984 3.8315 -1.6929, -4.1392 3.8628 -1.6929, -4.1705 3.9035 -1.6929, -4.1901 3.951 -1.6929, -4.1969 4.002 -1.6929, 3.8819 4.002 -1.7716, 3.8662 4.0378 -1.769, 3.8859 4.0325 -1.7716, 3.8801 4.0712 -1.769, 3.8977 4.061 -1.7716, 3.9021 4.0999 -1.769, 3.9165 4.0855 -1.7716, 3.9308 4.1219 -1.769, 3.9409 4.1043 -1.7716, 3.9642 4.1357 -1.769, 3.9694 4.1161 -1.7716, 4.0 4.1405 -1.769, 4.0 4.1201 -1.7716, 4.0358 4.1357 -1.769, 4.0306 4.1161 -1.7716, 4.0692 4.1219 -1.769, 4.0591 4.1043 -1.7716, 4.0979 4.0999 -1.769, 4.0835 4.0855 -1.7716, 4.1199 4.0712 -1.769, 4.1023 4.061 -1.7716, 4.1338 4.0378 -1.769, 4.1141 4.0325 -1.7716, 4.1385 4.002 -1.769, 4.1181 4.002 -1.7716, 4.1338 3.9661 -1.769, 4.1141 3.9714 -1.7716, 4.1199 3.9327 -1.769, 4.1023 3.9429 -1.7716, 4.0979 3.904 -1.769, 4.0835 3.9185 -1.7716, 4.0692 3.882 -1.769, 4.0591 3.8997 -1.7716, 4.0358 3.8682 -1.769, 4.0306 3.8879 -1.7716, 4.0 3.8635 -1.769, 4.0 3.8839 -1.7716, 3.9642 3.8682 -1.769, 3.9694 3.8879 -1.7716, 3.9308 3.882 -1.769, 3.9409 3.8997 -1.7716, 3.9021 3.904 -1.769, 3.9165 3.9185 -1.7716, 3.8801 3.9327 -1.769, 3.8977 3.9429 -1.7716, 3.8662 3.9661 -1.769, 3.8859 3.9714 -1.7716, 3.8615 4.002 -1.769, 3.8479 4.0427 -1.7611, 3.8636 4.0807 -1.7611, 3.8886 4.1133 -1.7611, 3.9213 4.1384 -1.7611, 3.9592 4.1541 -1.7611, 4.0 4.1594 -1.7611, 4.0408 4.1541 -1.7611, 4.0787 4.1384 -1.7611, 4.1114 4.1133 -1.7611, 4.1364 4.0807 -1.7611, 4.1521 4.0427 -1.7611, 4.1575 4.002 -1.7611, 4.1521 3.9612 -1.7611, 4.1364 3.9232 -1.7611, 4.1114 3.8906 -1.7611, 4.0787 3.8656 -1.7611, 4.0408 3.8499 -1.7611, 4.0 3.8445 -1.7611, 3.9592 3.8499 -1.7611, 3.9213 3.8656 -1.7611, 3.8886 3.8906 -1.7611, 3.8636 3.9232 -1.7611, 3.8479 3.9612 -1.7611, 3.8425 4.002 -1.7611, 3.8321 4.0469 -1.7486, 3.8495 4.0889 -1.7486, 3.8771 4.1249 -1.7486, 3.9131 4.1525 -1.7486, 3.955 4.1698 -1.7486, 4.0 4.1758 -1.7486, 4.045 4.1698 -1.7486, 4.0869 4.1525 -1.7486, 4.1229 4.1249 -1.7486, 4.1505 4.0889 -1.7486, 4.1679 4.0469 -1.7486, 4.1738 4.002 -1.7486, 4.1679 3.957 -1.7486, 4.1505 3.9151 -1.7486, 4.1229 3.8791 -1.7486, 4.0869 3.8515 -1.7486, 4.045 3.8341 -1.7486, 4.0 3.8282 -1.7486, 3.955 3.8341 -1.7486, 3.9131 3.8515 -1.7486, 3.8771 3.8791 -1.7486, 3.8495 3.9151 -1.7486, 3.8321 3.957 -1.7486, 3.8262 4.002 -1.7486, 3.82 4.0502 -1.7323, 3.8387 4.0951 -1.7323, 3.8683 4.1337 -1.7323, 3.9068 4.1633 -1.7323, 3.9518 4.1819 -1.7323, 4.0 4.1883 -1.7323, 4.0482 4.1819 -1.7323, 4.0932 4.1633 -1.7323, 4.1317 4.1337 -1.7323, 4.1613 4.0951 -1.7323, 4.18 4.0502 -1.7323, 4.1863 4.002 -1.7323, 4.18 3.9538 -1.7323, 4.1613 3.9088 -1.7323, 4.1317 3.8702 -1.7323, 4.0932 3.8406 -1.7323, 4.0482 3.822 -1.7323, 4.0 3.8157 -1.7323, 3.9518 3.822 -1.7323, 3.9068 3.8406 -1.7323, 3.8683 3.8702 -1.7323, 3.8387 3.9088 -1.7323, 3.82 3.9538 -1.7323, 3.8137 4.002 -1.7323, 3.8124 4.0522 -1.7133, 3.8318 4.0991 -1.7133, 3.8627 4.1393 -1.7133, 3.9029 4.1701 -1.7133, 3.9497 4.1895 -1.7133, 4.0 4.1961 -1.7133, 4.0503 4.1895 -1.7133, 4.0971 4.1701 -1.7133, 4.1373 4.1393 -1.7133, 4.1682 4.0991 -1.7133, 4.1876 4.0522 -1.7133, 4.1942 4.002 -1.7133, 4.1876 3.9517 -1.7133, 4.1682 3.9049 -1.7133, 4.1373 3.8647 -1.7133, 4.0971 3.8338 -1.7133, 4.0503 3.8144 -1.7133, 4.0 3.8078 -1.7133, 3.9497 3.8144 -1.7133, 3.9029 3.8338 -1.7133, 3.8627 3.8647 -1.7133, 3.8318 3.9049 -1.7133, 3.8124 3.9517 -1.7133, 3.8058 4.002 -1.7133, 3.8099 4.0529 -1.6929, 3.8295 4.1004 -1.6929, 3.8608 4.1412 -1.6929, 3.9016 4.1724 -1.6929, 3.9491 4.1921 -1.6929, 4.0 4.1988 -1.6929, 4.0509 4.1921 -1.6929, 4.0984 4.1724 -1.6929, 4.1392 4.1412 -1.6929, 4.1705 4.1004 -1.6929, 4.1901 4.0529 -1.6929, 4.1969 4.002 -1.6929, 4.1901 3.951 -1.6929, 4.1705 3.9035 -1.6929, 4.1392 3.8628 -1.6929, 4.0984 3.8315 -1.6929, 4.0509 3.8118 -1.6929, 4.0 3.8051 -1.6929, 3.9491 3.8118 -1.6929, 3.9016 3.8315 -1.6929, 3.8608 3.8628 -1.6929, 3.8295 3.9035 -1.6929, 3.8099 3.951 -1.6929, 3.8031 4.002 -1.6929, -4.1181 -0.998 -1.7716, -4.1338 -0.9622 -1.769, -4.1141 -0.9675 -1.7716, -4.1199 -0.9288 -1.769, -4.1023 -0.939 -1.7716, -4.0979 -0.9001 -1.769, -4.0835 -0.9145 -1.7716, -4.0692 -0.8781 -1.769, -4.0591 -0.8957 -1.7716, -4.0358 -0.8643 -1.769, -4.0306 -0.8839 -1.7716, -4.0 -0.8595 -1.769, -4.0 -0.8799 -1.7716, -3.9642 -0.8643 -1.769, -3.9694 -0.8839 -1.7716, -3.9308 -0.8781 -1.769, -3.9409 -0.8957 -1.7716, -3.9021 -0.9001 -1.769, -3.9165 -0.9145 -1.7716, -3.8801 -0.9288 -1.769, -3.8977 -0.939 -1.7716, -3.8662 -0.9622 -1.769, -3.8859 -0.9675 -1.7716, -3.8615 -0.998 -1.769, -3.8819 -0.998 -1.7716, -3.8662 -1.0339 -1.769, -3.8859 -1.0286 -1.7716, -3.8801 -1.0673 -1.769, -3.8977 -1.0571 -1.7716, -3.9021 -1.096 -1.769, -3.9165 -1.0815 -1.7716, -3.9308 -1.118 -1.769, -3.9409 -1.1003 -1.7716, -3.9642 -1.1318 -1.769, -3.9694 -1.1121 -1.7716, -4.0 -1.1365 -1.769, -4.0 -1.1161 -1.7716, -4.0358 -1.1318 -1.769, -4.0306 -1.1121 -1.7716, -4.0692 -1.118 -1.769, -4.0591 -1.1003 -1.7716, -4.0979 -1.096 -1.769, -4.0835 -1.0815 -1.7716, -4.1199 -1.0673 -1.769, -4.1023 -1.0571 -1.7716, -4.1338 -1.0339 -1.769, -4.1141 -1.0286 -1.7716, -4.1385 -0.998 -1.769, -4.1521 -0.9573 -1.7611, -4.1364 -0.9193 -1.7611, -4.1114 -0.8867 -1.7611, -4.0787 -0.8616 -1.7611, -4.0408 -0.8459 -1.7611, -4.0 -0.8406 -1.7611, -3.9592 -0.8459 -1.7611, -3.9213 -0.8616 -1.7611, -3.8886 -0.8867 -1.7611, -3.8636 -0.9193 -1.7611, -3.8479 -0.9573 -1.7611, -3.8425 -0.998 -1.7611, -3.8479 -1.0388 -1.7611, -3.8636 -1.0768 -1.7611, -3.8886 -1.1094 -1.7611, -3.9213 -1.1344 -1.7611, -3.9592 -1.1501 -1.7611, -4.0 -1.1555 -1.7611, -4.0408 -1.1501 -1.7611, -4.0787 -1.1344 -1.7611, -4.1114 -1.1094 -1.7611, -4.1364 -1.0768 -1.7611, -4.1521 -1.0388 -1.7611, -4.1575 -0.998 -1.7611, -4.1679 -0.9531 -1.7486, -4.1505 -0.9111 -1.7486, -4.1229 -0.8751 -1.7486, -4.0869 -0.8475 -1.7486, -4.045 -0.8302 -1.7486, -4.0 -0.8242 -1.7486, -3.955 -0.8302 -1.7486, -3.9131 -0.8475 -1.7486, -3.8771 -0.8751 -1.7486, -3.8495 -0.9111 -1.7486, -3.8321 -0.9531 -1.7486, -3.8262 -0.998 -1.7486, -3.8321 -1.043 -1.7486, -3.8495 -1.0849 -1.7486, -3.8771 -1.1209 -1.7486, -3.9131 -1.1485 -1.7486, -3.955 -1.1659 -1.7486, -4.0 -1.1718 -1.7486, -4.045 -1.1659 -1.7486, -4.0869 -1.1485 -1.7486, -4.1229 -1.1209 -1.7486, -4.1505 -1.0849 -1.7486, -4.1679 -1.043 -1.7486, -4.1738 -0.998 -1.7486, -4.18 -0.9498 -1.7323, -4.1613 -0.9049 -1.7323, -4.1317 -0.8663 -1.7323, -4.0932 -0.8367 -1.7323, -4.0482 -0.8181 -1.7323, -4.0 -0.8117 -1.7323, -3.9518 -0.8181 -1.7323, -3.9068 -0.8367 -1.7323, -3.8683 -0.8663 -1.7323, -3.8387 -0.9049 -1.7323, -3.82 -0.9498 -1.7323, -3.8137 -0.998 -1.7323, -3.82 -1.0462 -1.7323, -3.8387 -1.0912 -1.7323, -3.8683 -1.1298 -1.7323, -3.9068 -1.1594 -1.7323, -3.9518 -1.178 -1.7323, -4.0 -1.1843 -1.7323, -4.0482 -1.178 -1.7323, -4.0932 -1.1594 -1.7323, -4.1317 -1.1298 -1.7323, -4.1613 -1.0912 -1.7323, -4.18 -1.0462 -1.7323, -4.1863 -0.998 -1.7323, -4.1876 -0.9478 -1.7133, -4.1682 -0.9009 -1.7133, -4.1373 -0.8607 -1.7133, -4.0971 -0.8299 -1.7133, -4.0503 -0.8105 -1.7133, -4.0 -0.8039 -1.7133, -3.9497 -0.8105 -1.7133, -3.9029 -0.8299 -1.7133, -3.8627 -0.8607 -1.7133, -3.8318 -0.9009 -1.7133, -3.8124 -0.9478 -1.7133, -3.8058 -0.998 -1.7133, -3.8124 -1.0483 -1.7133, -3.8318 -1.0951 -1.7133, -3.8627 -1.1353 -1.7133, -3.9029 -1.1662 -1.7133, -3.9497 -1.1856 -1.7133, -4.0 -1.1922 -1.7133, -4.0503 -1.1856 -1.7133, -4.0971 -1.1662 -1.7133, -4.1373 -1.1353 -1.7133, -4.1682 -1.0951 -1.7133, -4.1876 -1.0483 -1.7133, -4.1942 -0.998 -1.7133, -4.1901 -0.9471 -1.6929, -4.1705 -0.8996 -1.6929, -4.1392 -0.8588 -1.6929, -4.0984 -0.8276 -1.6929, -4.0509 -0.8079 -1.6929, -4.0 -0.8012 -1.6929, -3.9491 -0.8079 -1.6929, -3.9016 -0.8276 -1.6929, -3.8608 -0.8588 -1.6929, -3.8295 -0.8996 -1.6929, -3.8099 -0.9471 -1.6929, -3.8031 -0.998 -1.6929, -3.8099 -1.049 -1.6929, -3.8295 -1.0965 -1.6929, -3.8608 -1.1372 -1.6929, -3.9016 -1.1685 -1.6929, -3.9491 -1.1882 -1.6929, -4.0 -1.1949 -1.6929, -4.0509 -1.1882 -1.6929, -4.0984 -1.1685 -1.6929, -4.1392 -1.1372 -1.6929, -4.1705 -1.0965 -1.6929, -4.1901 -1.049 -1.6929, -4.1969 -0.998 -1.6929, -4.1181 1.002 -1.7716, -4.1338 1.0378 -1.769, -4.1141 1.0325 -1.7716, -4.1199 1.0712 -1.769, -4.1023 1.061 -1.7716, -4.0979 1.0999 -1.769, -4.0835 1.0855 -1.7716, -4.0692 1.1219 -1.769, -4.0591 1.1043 -1.7716, -4.0358 1.1357 -1.769, -4.0306 1.1161 -1.7716, -4.0 1.1405 -1.769, -4.0 1.1201 -1.7716, -3.9642 1.1357 -1.769, -3.9694 1.1161 -1.7716, -3.9308 1.1219 -1.769, -3.9409 1.1043 -1.7716, -3.9021 1.0999 -1.769, -3.9165 1.0855 -1.7716, -3.8801 1.0712 -1.769, -3.8977 1.061 -1.7716, -3.8662 1.0378 -1.769, -3.8859 1.0325 -1.7716, -3.8615 1.002 -1.769, -3.8819 1.002 -1.7716, -3.8662 0.9661 -1.769, -3.8859 0.9714 -1.7716, -3.8801 0.9327 -1.769, -3.8977 0.9429 -1.7716, -3.9021 0.904 -1.769, -3.9165 0.9185 -1.7716, -3.9308 0.882 -1.769, -3.9409 0.8997 -1.7716, -3.9642 0.8682 -1.769, -3.9694 0.8879 -1.7716, -4.0 0.8635 -1.769, -4.0 0.8839 -1.7716, -4.0358 0.8682 -1.769, -4.0306 0.8879 -1.7716, -4.0692 0.882 -1.769, -4.0591 0.8997 -1.7716, -4.0979 0.904 -1.769, -4.0835 0.9185 -1.7716, -4.1199 0.9327 -1.769, -4.1023 0.9429 -1.7716, -4.1338 0.9661 -1.769, -4.1141 0.9714 -1.7716, -4.1385 1.002 -1.769, -4.1521 1.0427 -1.7611, -4.1364 1.0807 -1.7611, -4.1114 1.1133 -1.7611, -4.0787 1.1384 -1.7611, -4.0408 1.1541 -1.7611, -4.0 1.1594 -1.7611, -3.9592 1.1541 -1.7611, -3.9213 1.1384 -1.7611, -3.8886 1.1133 -1.7611, -3.8636 1.0807 -1.7611, -3.8479 1.0427 -1.7611, -3.8425 1.002 -1.7611, -3.8479 0.9612 -1.7611, -3.8636 0.9232 -1.7611, -3.8886 0.8906 -1.7611, -3.9213 0.8656 -1.7611, -3.9592 0.8499 -1.7611, -4.0 0.8445 -1.7611, -4.0408 0.8499 -1.7611, -4.0787 0.8656 -1.7611, -4.1114 0.8906 -1.7611, -4.1364 0.9232 -1.7611, -4.1521 0.9612 -1.7611, -4.1575 1.002 -1.7611, -4.1679 1.0469 -1.7486, -4.1505 1.0889 -1.7486, -4.1229 1.1249 -1.7486, -4.0869 1.1525 -1.7486, -4.045 1.1698 -1.7486, -4.0 1.1758 -1.7486, -3.955 1.1698 -1.7486, -3.9131 1.1525 -1.7486, -3.8771 1.1249 -1.7486, -3.8495 1.0889 -1.7486, -3.8321 1.0469 -1.7486, -3.8262 1.002 -1.7486, -3.8321 0.957 -1.7486, -3.8495 0.9151 -1.7486, -3.8771 0.8791 -1.7486, -3.9131 0.8515 -1.7486, -3.955 0.8341 -1.7486, -4.0 0.8282 -1.7486, -4.045 0.8341 -1.7486, -4.0869 0.8515 -1.7486, -4.1229 0.8791 -1.7486, -4.1505 0.9151 -1.7486, -4.1679 0.957 -1.7486, -4.1738 1.002 -1.7486, -4.18 1.0502 -1.7323, -4.1613 1.0951 -1.7323, -4.1317 1.1337 -1.7323, -4.0932 1.1633 -1.7323, -4.0482 1.1819 -1.7323, -4.0 1.1883 -1.7323, -3.9518 1.1819 -1.7323, -3.9068 1.1633 -1.7323, -3.8683 1.1337 -1.7323, -3.8387 1.0951 -1.7323, -3.82 1.0502 -1.7323, -3.8137 1.002 -1.7323, -3.82 0.9538 -1.7323, -3.8387 0.9088 -1.7323, -3.8683 0.8702 -1.7323, -3.9068 0.8406 -1.7323, -3.9518 0.822 -1.7323, -4.0 0.8157 -1.7323, -4.0482 0.822 -1.7323, -4.0932 0.8406 -1.7323, -4.1317 0.8702 -1.7323, -4.1613 0.9088 -1.7323, -4.18 0.9538 -1.7323, -4.1863 1.002 -1.7323, -4.1876 1.0522 -1.7133, -4.1682 1.0991 -1.7133, -4.1373 1.1393 -1.7133, -4.0971 1.1701 -1.7133, -4.0503 1.1895 -1.7133, -4.0 1.1961 -1.7133, -3.9497 1.1895 -1.7133, -3.9029 1.1701 -1.7133, -3.8627 1.1393 -1.7133, -3.8318 1.0991 -1.7133, -3.8124 1.0522 -1.7133, -3.8058 1.002 -1.7133, -3.8124 0.9517 -1.7133, -3.8318 0.9049 -1.7133, -3.8627 0.8647 -1.7133, -3.9029 0.8338 -1.7133, -3.9497 0.8144 -1.7133, -4.0 0.8078 -1.7133, -4.0503 0.8144 -1.7133, -4.0971 0.8338 -1.7133, -4.1373 0.8647 -1.7133, -4.1682 0.9049 -1.7133, -4.1876 0.9517 -1.7133, -4.1942 1.002 -1.7133, -4.1901 1.0529 -1.6929, -4.1705 1.1004 -1.6929, -4.1392 1.1412 -1.6929, -4.0984 1.1724 -1.6929, -4.0509 1.1921 -1.6929, -4.0 1.1988 -1.6929, -3.9491 1.1921 -1.6929, -3.9016 1.1724 -1.6929, -3.8608 1.1412 -1.6929, -3.8295 1.1004 -1.6929, -3.8099 1.0529 -1.6929, -3.8031 1.002 -1.6929, -3.8099 0.951 -1.6929, -3.8295 0.9035 -1.6929, -3.8608 0.8628 -1.6929, -3.9016 0.8315 -1.6929, -3.9491 0.8118 -1.6929, -4.0 0.8051 -1.6929, -4.0509 0.8118 -1.6929, -4.0984 0.8315 -1.6929, -4.1392 0.8628 -1.6929, -4.1705 0.9035 -1.6929, -4.1901 0.951 -1.6929, -4.1969 1.002 -1.6929, 3.8819 0.002 -1.7716, 3.8662 0.0378 -1.769, 3.8859 0.0325 -1.7716, 3.8801 0.0712 -1.769, 3.8977 0.061 -1.7716, 3.9021 0.0999 -1.769, 3.9165 0.0855 -1.7716, 3.9308 0.1219 -1.769, 3.9409 0.1043 -1.7716, 3.9642 0.1357 -1.769, 3.9694 0.1161 -1.7716, 4.0 0.1405 -1.769, 4.0 0.1201 -1.7716, 4.0358 0.1357 -1.769, 4.0306 0.1161 -1.7716, 4.0692 0.1219 -1.769, 4.0591 0.1043 -1.7716, 4.0979 0.0999 -1.769, 4.0835 0.0855 -1.7716, 4.1199 0.0712 -1.769, 4.1023 0.061 -1.7716, 4.1338 0.0378 -1.769, 4.1141 0.0325 -1.7716, 4.1385 0.002 -1.769, 4.1181 0.002 -1.7716, 4.1338 -0.0339 -1.769, 4.1141 -0.0286 -1.7716, 4.1199 -0.0673 -1.769, 4.1023 -0.0571 -1.7716, 4.0979 -0.096 -1.769, 4.0835 -0.0815 -1.7716, 4.0692 -0.118 -1.769, 4.0591 -0.1003 -1.7716, 4.0358 -0.1318 -1.769, 4.0306 -0.1121 -1.7716, 4.0 -0.1365 -1.769, 4.0 -0.1161 -1.7716, 3.9642 -0.1318 -1.769, 3.9694 -0.1121 -1.7716, 3.9308 -0.118 -1.769, 3.9409 -0.1003 -1.7716, 3.9021 -0.096 -1.769, 3.9165 -0.0815 -1.7716, 3.8801 -0.0673 -1.769, 3.8977 -0.0571 -1.7716, 3.8662 -0.0339 -1.769, 3.8859 -0.0286 -1.7716, 3.8615 0.002 -1.769, 3.8479 0.0427 -1.7611, 3.8636 0.0807 -1.7611, 3.8886 0.1133 -1.7611, 3.9213 0.1384 -1.7611, 3.9592 0.1541 -1.7611, 4.0 0.1594 -1.7611, 4.0408 0.1541 -1.7611, 4.0787 0.1384 -1.7611, 4.1114 0.1133 -1.7611, 4.1364 0.0807 -1.7611, 4.1521 0.0427 -1.7611, 4.1575 0.002 -1.7611, 4.1521 -0.0388 -1.7611, 4.1364 -0.0768 -1.7611, 4.1114 -0.1094 -1.7611, 4.0787 -0.1344 -1.7611, 4.0408 -0.1501 -1.7611, 4.0 -0.1555 -1.7611, 3.9592 -0.1501 -1.7611, 3.9213 -0.1344 -1.7611, 3.8886 -0.1094 -1.7611, 3.8636 -0.0768 -1.7611, 3.8479 -0.0388 -1.7611, 3.8425 0.002 -1.7611, 3.8321 0.0469 -1.7486, 3.8495 0.0889 -1.7486, 3.8771 0.1249 -1.7486, 3.9131 0.1525 -1.7486, 3.955 0.1698 -1.7486, 4.0 0.1758 -1.7486, 4.045 0.1698 -1.7486, 4.0869 0.1525 -1.7486, 4.1229 0.1249 -1.7486, 4.1505 0.0889 -1.7486, 4.1679 0.0469 -1.7486, 4.1738 0.002 -1.7486, 4.1679 -0.043 -1.7486, 4.1505 -0.0849 -1.7486, 4.1229 -0.1209 -1.7486, 4.0869 -0.1485 -1.7486, 4.045 -0.1659 -1.7486, 4.0 -0.1718 -1.7486, 3.955 -0.1659 -1.7486, 3.9131 -0.1485 -1.7486, 3.8771 -0.1209 -1.7486, 3.8495 -0.0849 -1.7486, 3.8321 -0.043 -1.7486, 3.8262 0.002 -1.7486, 3.82 0.0502 -1.7323, 3.8387 0.0951 -1.7323, 3.8683 0.1337 -1.7323, 3.9068 0.1633 -1.7323, 3.9518 0.1819 -1.7323, 4.0 0.1883 -1.7323, 4.0482 0.1819 -1.7323, 4.0932 0.1633 -1.7323, 4.1317 0.1337 -1.7323, 4.1613 0.0951 -1.7323, 4.18 0.0502 -1.7323, 4.1863 0.002 -1.7323, 4.18 -0.0462 -1.7323, 4.1613 -0.0912 -1.7323, 4.1317 -0.1298 -1.7323, 4.0932 -0.1594 -1.7323, 4.0482 -0.178 -1.7323, 4.0 -0.1843 -1.7323, 3.9518 -0.178 -1.7323, 3.9068 -0.1594 -1.7323, 3.8683 -0.1298 -1.7323, 3.8387 -0.0912 -1.7323, 3.82 -0.0462 -1.7323, 3.8137 0.002 -1.7323, 3.8124 0.0522 -1.7133, 3.8318 0.0991 -1.7133, 3.8627 0.1393 -1.7133, 3.9029 0.1701 -1.7133, 3.9497 0.1895 -1.7133, 4.0 0.1961 -1.7133, 4.0503 0.1895 -1.7133, 4.0971 0.1701 -1.7133, 4.1373 0.1393 -1.7133, 4.1682 0.0991 -1.7133, 4.1876 0.0522 -1.7133, 4.1942 0.002 -1.7133, 4.1876 -0.0483 -1.7133, 4.1682 -0.0951 -1.7133, 4.1373 -0.1353 -1.7133, 4.0971 -0.1662 -1.7133, 4.0503 -0.1856 -1.7133, 4.0 -0.1922 -1.7133, 3.9497 -0.1856 -1.7133, 3.9029 -0.1662 -1.7133, 3.8627 -0.1353 -1.7133, 3.8318 -0.0951 -1.7133, 3.8124 -0.0483 -1.7133, 3.8058 0.002 -1.7133, 3.8099 0.0529 -1.6929, 3.8295 0.1004 -1.6929, 3.8608 0.1412 -1.6929, 3.9016 0.1724 -1.6929, 3.9491 0.1921 -1.6929, 4.0 0.1988 -1.6929, 4.0509 0.1921 -1.6929, 4.0984 0.1724 -1.6929, 4.1392 0.1412 -1.6929, 4.1705 0.1004 -1.6929, 4.1901 0.0529 -1.6929, 4.1969 0.002 -1.6929, 4.1901 -0.049 -1.6929, 4.1705 -0.0965 -1.6929, 4.1392 -0.1372 -1.6929, 4.0984 -0.1685 -1.6929, 4.0509 -0.1882 -1.6929, 4.0 -0.1949 -1.6929, 3.9491 -0.1882 -1.6929, 3.9016 -0.1685 -1.6929, 3.8608 -0.1372 -1.6929, 3.8295 -0.0965 -1.6929, 3.8099 -0.049 -1.6929, 3.8031 0.002 -1.6929, 3.8819 -3.998 -1.7716, 3.8662 -3.9622 -1.769, 3.8859 -3.9675 -1.7716, 3.8801 -3.9288 -1.769, 3.8977 -3.939 -1.7716, 3.9021 -3.9001 -1.769, 3.9165 -3.9145 -1.7716, 3.9308 -3.8781 -1.769, 3.9409 -3.8957 -1.7716, 3.9642 -3.8643 -1.769, 3.9694 -3.8839 -1.7716, 4.0 -3.8595 -1.769, 4.0 -3.8799 -1.7716, 4.0358 -3.8643 -1.769, 4.0306 -3.8839 -1.7716, 4.0692 -3.8781 -1.769, 4.0591 -3.8957 -1.7716, 4.0979 -3.9001 -1.769, 4.0835 -3.9145 -1.7716, 4.1199 -3.9288 -1.769, 4.1023 -3.939 -1.7716, 4.1338 -3.9622 -1.769, 4.1141 -3.9675 -1.7716, 4.1385 -3.998 -1.769, 4.1181 -3.998 -1.7716, 4.1338 -4.0339 -1.769, 4.1141 -4.0286 -1.7716, 4.1199 -4.0673 -1.769, 4.1023 -4.0571 -1.7716, 4.0979 -4.096 -1.769, 4.0835 -4.0815 -1.7716, 4.0692 -4.118 -1.769, 4.0591 -4.1003 -1.7716, 4.0358 -4.1318 -1.769, 4.0306 -4.1121 -1.7716, 4.0 -4.1365 -1.769, 4.0 -4.1161 -1.7716, 3.9642 -4.1318 -1.769, 3.9694 -4.1121 -1.7716, 3.9308 -4.118 -1.769, 3.9409 -4.1003 -1.7716, 3.9021 -4.096 -1.769, 3.9165 -4.0815 -1.7716, 3.8801 -4.0673 -1.769, 3.8977 -4.0571 -1.7716, 3.8662 -4.0339 -1.769, 3.8859 -4.0286 -1.7716, 3.8615 -3.998 -1.769, 3.8479 -3.9573 -1.7611, 3.8636 -3.9193 -1.7611, 3.8886 -3.8867 -1.7611, 3.9213 -3.8616 -1.7611, 3.9592 -3.8459 -1.7611, 4.0 -3.8406 -1.7611, 4.0408 -3.8459 -1.7611, 4.0787 -3.8616 -1.7611, 4.1114 -3.8867 -1.7611, 4.1364 -3.9193 -1.7611, 4.1521 -3.9573 -1.7611, 4.1575 -3.998 -1.7611, 4.1521 -4.0388 -1.7611, 4.1364 -4.0768 -1.7611, 4.1114 -4.1094 -1.7611, 4.0787 -4.1344 -1.7611, 4.0408 -4.1501 -1.7611, 4.0 -4.1555 -1.7611, 3.9592 -4.1501 -1.7611, 3.9213 -4.1344 -1.7611, 3.8886 -4.1094 -1.7611, 3.8636 -4.0768 -1.7611, 3.8479 -4.0388 -1.7611, 3.8425 -3.998 -1.7611, 3.8321 -3.9531 -1.7486, 3.8495 -3.9111 -1.7486, 3.8771 -3.8751 -1.7486, 3.9131 -3.8475 -1.7486, 3.955 -3.8302 -1.7486, 4.0 -3.8242 -1.7486, 4.045 -3.8302 -1.7486, 4.0869 -3.8475 -1.7486, 4.1229 -3.8751 -1.7486, 4.1505 -3.9111 -1.7486, 4.1679 -3.9531 -1.7486, 4.1738 -3.998 -1.7486, 4.1679 -4.043 -1.7486, 4.1505 -4.0849 -1.7486, 4.1229 -4.1209 -1.7486, 4.0869 -4.1485 -1.7486, 4.045 -4.1659 -1.7486, 4.0 -4.1718 -1.7486, 3.955 -4.1659 -1.7486, 3.9131 -4.1485 -1.7486, 3.8771 -4.1209 -1.7486, 3.8495 -4.0849 -1.7486, 3.8321 -4.043 -1.7486, 3.8262 -3.998 -1.7486, 3.82 -3.9498 -1.7323, 3.8387 -3.9049 -1.7323, 3.8683 -3.8663 -1.7323, 3.9068 -3.8367 -1.7323, 3.9518 -3.8181 -1.7323, 4.0 -3.8117 -1.7323, 4.0482 -3.8181 -1.7323, 4.0932 -3.8367 -1.7323, 4.1317 -3.8663 -1.7323, 4.1613 -3.9049 -1.7323, 4.18 -3.9498 -1.7323, 4.1863 -3.998 -1.7323, 4.18 -4.0462 -1.7323, 4.1613 -4.0912 -1.7323, 4.1317 -4.1298 -1.7323, 4.0932 -4.1594 -1.7323, 4.0482 -4.178 -1.7323, 4.0 -4.1843 -1.7323, 3.9518 -4.178 -1.7323, 3.9068 -4.1594 -1.7323, 3.8683 -4.1298 -1.7323, 3.8387 -4.0912 -1.7323, 3.82 -4.0462 -1.7323, 3.8137 -3.998 -1.7323, 3.8124 -3.9478 -1.7133, 3.8318 -3.9009 -1.7133, 3.8627 -3.8607 -1.7133, 3.9029 -3.8299 -1.7133, 3.9497 -3.8105 -1.7133, 4.0 -3.8039 -1.7133, 4.0503 -3.8105 -1.7133, 4.0971 -3.8299 -1.7133, 4.1373 -3.8607 -1.7133, 4.1682 -3.9009 -1.7133, 4.1876 -3.9478 -1.7133, 4.1942 -3.998 -1.7133, 4.1876 -4.0483 -1.7133, 4.1682 -4.0951 -1.7133, 4.1373 -4.1353 -1.7133, 4.0971 -4.1662 -1.7133, 4.0503 -4.1856 -1.7133, 4.0 -4.1922 -1.7133, 3.9497 -4.1856 -1.7133, 3.9029 -4.1662 -1.7133, 3.8627 -4.1353 -1.7133, 3.8318 -4.0951 -1.7133, 3.8124 -4.0483 -1.7133, 3.8058 -3.998 -1.7133, 3.8099 -3.9471 -1.6929, 3.8295 -3.8996 -1.6929, 3.8608 -3.8588 -1.6929, 3.9016 -3.8276 -1.6929, 3.9491 -3.8079 -1.6929, 4.0 -3.8012 -1.6929, 4.0509 -3.8079 -1.6929, 4.0984 -3.8276 -1.6929, 4.1392 -3.8588 -1.6929, 4.1705 -3.8996 -1.6929, 4.1901 -3.9471 -1.6929, 4.1969 -3.998 -1.6929, 4.1901 -4.049 -1.6929, 4.1705 -4.0965 -1.6929, 4.1392 -4.1372 -1.6929, 4.0984 -4.1685 -1.6929, 4.0509 -4.1882 -1.6929, 4.0 -4.1949 -1.6929, 3.9491 -4.1882 -1.6929, 3.9016 -4.1685 -1.6929, 3.8608 -4.1372 -1.6929, 3.8295 -4.0965 -1.6929, 3.8099 -4.049 -1.6929, 3.8031 -3.998 -1.6929
            ]
        }
        coordIndex [
            0,1,2,-1,2,1,3,-1,2,3,4,-1,4,3,5,-1,4,5,6,-1,6,5,7,-1,6,7,8,-1,8,7,9,-1,8,9,10,-1,10,9,11,-1,10,11,12,-1,12,11,13,-1,12,13,14,-1,14,13,15,-1,14,15,16,-1,16,15,17,-1,16,17,18,-1,18,17,19,-1,18,19,20,-1,20,19,21,-1,20,21,22,-1,22,21,23,-1,22,23,24,-1,24,23,25,-1,24,25,26,-1,26,25,27,-1,26,27,28,-1,28,27,29,-1,28,29,30,-1,30,29,31,-1,30,31,32,-1,32,31,33,-1,32,33,34,-1,34,33,35,-1,34,35,36,-1,36,35,37,-1,36,37,38,-1,38,37,39,-1,38,39,40,-1,40,39,41,-1,40,41,42,-1,42,41,43,-1,42,43,44,-1,44,43,45,-1,44,45,46,-1,46,45,47,-1,46,47,0,-1,0,47,1,-1,47,48,1,-1,1,48,49,-1,1,49,3,-1,3,49,50,-1,3,50,5,-1,5,50,51,-1,5,51,7,-1,7,51,52,-1,7,52,9,-1,9,52,53,-1,9,53,11,-1,11,53,54,-1,11,54,13,-1,13,54,55,-1,13,55,15,-1,15,55,56,-1,15,56,17,-1,17,56,57,-1,17,57,19,-1,19,57,58,-1,19,58,21,-1,21,58,59,-1,21,59,23,-1,23,59,60,-1,23,60,25,-1,25,60,61,-1,25,61,27,-1,27,61,62,-1,27,62,29,-1,29,62,63,-1,29,63,31,-1,31,63,64,-1,31,64,33,-1,33,64,65,-1,33,65,35,-1,35,65,66,-1,35,66,37,-1,37,66,67,-1,37,67,39,-1,39,67,68,-1,39,68,41,-1,41,68,69,-1,41,69,43,-1,43,69,70,-1,43,70,45,-1,45,70,71,-1,45,71,47,-1,47,71,48,-1,71,72,48,-1,48,72,73,-1,48,73,49,-1,49,73,74,-1,49,74,50,-1,50,74,75,-1,50,75,51,-1,51,75,76,-1,51,76,52,-1,52,76,77,-1,52,77,53,-1,53,77,78,-1,53,78,54,-1,54,78,79,-1,54,79,55,-1,55,79,80,-1,55,80,56,-1,56,80,81,-1,56,81,57,-1,57,81,82,-1,57,82,58,-1,58,82,83,-1,58,83,59,-1,59,83,84,-1,59,84,60,-1,60,84,85,-1,60,85,61,-1,61,85,86,-1,61,86,62,-1,62,86,87,-1,62,87,63,-1,63,87,88,-1,63,88,64,-1,64,88,89,-1,64,89,65,-1,65,89,90,-1,65,90,66,-1,66,90,91,-1,66,91,67,-1,67,91,92,-1,67,92,68,-1,68,92,93,-1,68,93,69,-1,69,93,94,-1,69,94,70,-1,70,94,95,-1,70,95,71,-1,71,95,72,-1,95,96,72,-1,72,96,97,-1,72,97,73,-1,73,97,98,-1,73,98,74,-1,74,98,99,-1,74,99,75,-1,75,99,100,-1,75,100,76,-1,76,100,101,-1,76,101,77,-1,77,101,102,-1,77,102,78,-1,78,102,103,-1,78,103,79,-1,79,103,104,-1,79,104,80,-1,80,104,105,-1,80,105,81,-1,81,105,106,-1,81,106,82,-1,82,106,107,-1,82,107,83,-1,83,107,108,-1,83,108,84,-1,84,108,109,-1,84,109,85,-1,85,109,110,-1,85,110,86,-1,86,110,111,-1,86,111,87,-1,87,111,112,-1,87,112,88,-1,88,112,113,-1,88,113,89,-1,89,113,114,-1,89,114,90,-1,90,114,115,-1,90,115,91,-1,91,115,116,-1,91,116,92,-1,92,116,117,-1,92,117,93,-1,93,117,118,-1,93,118,94,-1,94,118,119,-1,94,119,95,-1,95,119,96,-1,119,120,96,-1,96,120,121,-1,96,121,97,-1,97,121,122,-1,97,122,98,-1,98,122,123,-1,98,123,99,-1,99,123,124,-1,99,124,100,-1,100,124,125,-1,100,125,101,-1,101,125,126,-1,101,126,102,-1,102,126,127,-1,102,127,103,-1,103,127,128,-1,103,128,104,-1,104,128,129,-1,104,129,105,-1,105,129,130,-1,105,130,106,-1,106,130,131,-1,106,131,107,-1,107,131,132,-1,107,132,108,-1,108,132,133,-1,108,133,109,-1,109,133,134,-1,109,134,110,-1,110,134,135,-1,110,135,111,-1,111,135,136,-1,111,136,112,-1,112,136,137,-1,112,137,113,-1,113,137,138,-1,113,138,114,-1,114,138,139,-1,114,139,115,-1,115,139,140,-1,115,140,116,-1,116,140,141,-1,116,141,117,-1,117,141,142,-1,117,142,118,-1,118,142,143,-1,118,143,119,-1,119,143,120,-1,143,144,120,-1,120,144,145,-1,120,145,121,-1,121,145,146,-1,121,146,122,-1,122,146,147,-1,122,147,123,-1,123,147,148,-1,123,148,124,-1,124,148,149,-1,124,149,125,-1,125,149,150,-1,125,150,126,-1,126,150,151,-1,126,151,127,-1,127,151,152,-1,127,152,128,-1,128,152,153,-1,128,153,129,-1,129,153,154,-1,129,154,130,-1,130,154,155,-1,130,155,131,-1,131,155,156,-1,131,156,132,-1,132,156,157,-1,132,157,133,-1,133,157,158,-1,133,158,134,-1,134,158,159,-1,134,159,135,-1,135,159,160,-1,135,160,136,-1,136,160,161,-1,136,161,137,-1,137,161,162,-1,137,162,138,-1,138,162,163,-1,138,163,139,-1,139,163,164,-1,139,164,140,-1,140,164,165,-1,140,165,141,-1,141,165,166,-1,141,166,142,-1,142,166,167,-1,142,167,143,-1,143,167,144,-1,168,169,170,-1,170,169,171,-1,170,171,172,-1,172,171,173,-1,172,173,174,-1,174,173,175,-1,174,175,176,-1,176,175,177,-1,176,177,178,-1,178,177,179,-1,178,179,180,-1,180,179,181,-1,180,181,182,-1,182,181,183,-1,182,183,184,-1,184,183,185,-1,184,185,186,-1,186,185,187,-1,186,187,188,-1,188,187,189,-1,188,189,190,-1,190,189,191,-1,190,191,192,-1,192,191,193,-1,192,193,194,-1,194,193,195,-1,194,195,196,-1,196,195,197,-1,196,197,198,-1,198,197,199,-1,198,199,200,-1,200,199,201,-1,200,201,202,-1,202,201,203,-1,202,203,204,-1,204,203,205,-1,204,205,206,-1,206,205,207,-1,206,207,208,-1,208,207,209,-1,208,209,210,-1,210,209,211,-1,210,211,212,-1,212,211,213,-1,212,213,214,-1,214,213,215,-1,214,215,168,-1,168,215,169,-1,215,216,169,-1,169,216,217,-1,169,217,171,-1,171,217,218,-1,171,218,173,-1,173,218,219,-1,173,219,175,-1,175,219,220,-1,175,220,177,-1,177,220,221,-1,177,221,179,-1,179,221,222,-1,179,222,181,-1,181,222,223,-1,181,223,183,-1,183,223,224,-1,183,224,185,-1,185,224,225,-1,185,225,187,-1,187,225,226,-1,187,226,189,-1,189,226,227,-1,189,227,191,-1,191,227,228,-1,191,228,193,-1,193,228,229,-1,193,229,195,-1,195,229,230,-1,195,230,197,-1,197,230,231,-1,197,231,199,-1,199,231,232,-1,199,232,201,-1,201,232,233,-1,201,233,203,-1,203,233,234,-1,203,234,205,-1,205,234,235,-1,205,235,207,-1,207,235,236,-1,207,236,209,-1,209,236,237,-1,209,237,211,-1,211,237,238,-1,211,238,213,-1,213,238,239,-1,213,239,215,-1,215,239,216,-1,239,240,216,-1,216,240,241,-1,216,241,217,-1,217,241,242,-1,217,242,218,-1,218,242,243,-1,218,243,219,-1,219,243,244,-1,219,244,220,-1,220,244,245,-1,220,245,221,-1,221,245,246,-1,221,246,222,-1,222,246,247,-1,222,247,223,-1,223,247,248,-1,223,248,224,-1,224,248,249,-1,224,249,225,-1,225,249,250,-1,225,250,226,-1,226,250,251,-1,226,251,227,-1,227,251,252,-1,227,252,228,-1,228,252,253,-1,228,253,229,-1,229,253,254,-1,229,254,230,-1,230,254,255,-1,230,255,231,-1,231,255,256,-1,231,256,232,-1,232,256,257,-1,232,257,233,-1,233,257,258,-1,233,258,234,-1,234,258,259,-1,234,259,235,-1,235,259,260,-1,235,260,236,-1,236,260,261,-1,236,261,237,-1,237,261,262,-1,237,262,238,-1,238,262,263,-1,238,263,239,-1,239,263,240,-1,263,264,240,-1,240,264,265,-1,240,265,241,-1,241,265,266,-1,241,266,242,-1,242,266,267,-1,242,267,243,-1,243,267,268,-1,243,268,244,-1,244,268,269,-1,244,269,245,-1,245,269,270,-1,245,270,246,-1,246,270,271,-1,246,271,247,-1,247,271,272,-1,247,272,248,-1,248,272,273,-1,248,273,249,-1,249,273,274,-1,249,274,250,-1,250,274,275,-1,250,275,251,-1,251,275,276,-1,251,276,252,-1,252,276,277,-1,252,277,253,-1,253,277,278,-1,253,278,254,-1,254,278,279,-1,254,279,255,-1,255,279,280,-1,255,280,256,-1,256,280,281,-1,256,281,257,-1,257,281,282,-1,257,282,258,-1,258,282,283,-1,258,283,259,-1,259,283,284,-1,259,284,260,-1,260,284,285,-1,260,285,261,-1,261,285,286,-1,261,286,262,-1,262,286,287,-1,262,287,263,-1,263,287,264,-1,287,288,264,-1,264,288,289,-1,264,289,265,-1,265,289,290,-1,265,290,266,-1,266,290,291,-1,266,291,267,-1,267,291,292,-1,267,292,268,-1,268,292,293,-1,268,293,269,-1,269,293,294,-1,269,294,270,-1,270,294,295,-1,270,295,271,-1,271,295,296,-1,271,296,272,-1,272,296,297,-1,272,297,273,-1,273,297,298,-1,273,298,274,-1,274,298,299,-1,274,299,275,-1,275,299,300,-1,275,300,276,-1,276,300,301,-1,276,301,277,-1,277,301,302,-1,277,302,278,-1,278,302,303,-1,278,303,279,-1,279,303,304,-1,279,304,280,-1,280,304,305,-1,280,305,281,-1,281,305,306,-1,281,306,282,-1,282,306,307,-1,282,307,283,-1,283,307,308,-1,283,308,284,-1,284,308,309,-1,284,309,285,-1,285,309,310,-1,285,310,286,-1,286,310,311,-1,286,311,287,-1,287,311,288,-1,311,312,288,-1,288,312,313,-1,288,313,289,-1,289,313,314,-1,289,314,290,-1,290,314,315,-1,290,315,291,-1,291,315,316,-1,291,316,292,-1,292,316,317,-1,292,317,293,-1,293,317,318,-1,293,318,294,-1,294,318,319,-1,294,319,295,-1,295,319,320,-1,295,320,296,-1,296,320,321,-1,296,321,297,-1,297,321,322,-1,297,322,298,-1,298,322,323,-1,298,323,299,-1,299,323,324,-1,299,324,300,-1,300,324,325,-1,300,325,301,-1,301,325,326,-1,301,326,302,-1,302,326,327,-1,302,327,303,-1,303,327,328,-1,303,328,304,-1,304,328,329,-1,304,329,305,-1,305,329,330,-1,305,330,306,-1,306,330,331,-1,306,331,307,-1,307,331,332,-1,307,332,308,-1,308,332,333,-1,308,333,309,-1,309,333,334,-1,309,334,310,-1,310,334,335,-1,310,335,311,-1,311,335,312,-1,336,337,338,-1,338,337,339,-1,338,339,340,-1,340,339,341,-1,340,341,342,-1,342,341,343,-1,342,343,344,-1,344,343,345,-1,344,345,346,-1,346,345,347,-1,346,347,348,-1,348,347,349,-1,348,349,350,-1,350,349,351,-1,350,351,352,-1,352,351,353,-1,352,353,354,-1,354,353,355,-1,354,355,356,-1,356,355,357,-1,356,357,358,-1,358,357,359,-1,358,359,360,-1,360,359,361,-1,360,361,362,-1,362,361,363,-1,362,363,364,-1,364,363,365,-1,364,365,366,-1,366,365,367,-1,366,367,368,-1,368,367,369,-1,368,369,370,-1,370,369,371,-1,370,371,372,-1,372,371,373,-1,372,373,374,-1,374,373,375,-1,374,375,376,-1,376,375,377,-1,376,377,378,-1,378,377,379,-1,378,379,380,-1,380,379,381,-1,380,381,382,-1,382,381,383,-1,382,383,336,-1,336,383,337,-1,383,384,337,-1,337,384,385,-1,337,385,339,-1,339,385,386,-1,339,386,341,-1,341,386,387,-1,341,387,343,-1,343,387,388,-1,343,388,345,-1,345,388,389,-1,345,389,347,-1,347,389,390,-1,347,390,349,-1,349,390,391,-1,349,391,351,-1,351,391,392,-1,351,392,353,-1,353,392,393,-1,353,393,355,-1,355,393,394,-1,355,394,357,-1,357,394,395,-1,357,395,359,-1,359,395,396,-1,359,396,361,-1,361,396,397,-1,361,397,363,-1,363,397,398,-1,363,398,365,-1,365,398,399,-1,365,399,367,-1,367,399,400,-1,367,400,369,-1,369,400,401,-1,369,401,371,-1,371,401,402,-1,371,402,373,-1,373,402,403,-1,373,403,375,-1,375,403,404,-1,375,404,377,-1,377,404,405,-1,377,405,379,-1,379,405,406,-1,379,406,381,-1,381,406,407,-1,381,407,383,-1,383,407,384,-1,407,408,384,-1,384,408,409,-1,384,409,385,-1,385,409,410,-1,385,410,386,-1,386,410,411,-1,386,411,387,-1,387,411,412,-1,387,412,388,-1,388,412,413,-1,388,413,389,-1,389,413,414,-1,389,414,390,-1,390,414,415,-1,390,415,391,-1,391,415,416,-1,391,416,392,-1,392,416,417,-1,392,417,393,-1,393,417,418,-1,393,418,394,-1,394,418,419,-1,394,419,395,-1,395,419,420,-1,395,420,396,-1,396,420,421,-1,396,421,397,-1,397,421,422,-1,397,422,398,-1,398,422,423,-1,398,423,399,-1,399,423,424,-1,399,424,400,-1,400,424,425,-1,400,425,401,-1,401,425,426,-1,401,426,402,-1,402,426,427,-1,402,427,403,-1,403,427,428,-1,403,428,404,-1,404,428,429,-1,404,429,405,-1,405,429,430,-1,405,430,406,-1,406,430,431,-1,406,431,407,-1,407,431,408,-1,431,432,408,-1,408,432,433,-1,408,433,409,-1,409,433,434,-1,409,434,410,-1,410,434,435,-1,410,435,411,-1,411,435,436,-1,411,436,412,-1,412,436,437,-1,412,437,413,-1,413,437,438,-1,413,438,414,-1,414,438,439,-1,414,439,415,-1,415,439,440,-1,415,440,416,-1,416,440,441,-1,416,441,417,-1,417,441,442,-1,417,442,418,-1,418,442,443,-1,418,443,419,-1,419,443,444,-1,419,444,420,-1,420,444,445,-1,420,445,421,-1,421,445,446,-1,421,446,422,-1,422,446,447,-1,422,447,423,-1,423,447,448,-1,423,448,424,-1,424,448,449,-1,424,449,425,-1,425,449,450,-1,425,450,426,-1,426,450,451,-1,426,451,427,-1,427,451,452,-1,427,452,428,-1,428,452,453,-1,428,453,429,-1,429,453,454,-1,429,454,430,-1,430,454,455,-1,430,455,431,-1,431,455,432,-1,455,456,432,-1,432,456,457,-1,432,457,433,-1,433,457,458,-1,433,458,434,-1,434,458,459,-1,434,459,435,-1,435,459,460,-1,435,460,436,-1,436,460,461,-1,436,461,437,-1,437,461,462,-1,437,462,438,-1,438,462,463,-1,438,463,439,-1,439,463,464,-1,439,464,440,-1,440,464,465,-1,440,465,441,-1,441,465,466,-1,441,466,442,-1,442,466,467,-1,442,467,443,-1,443,467,468,-1,443,468,444,-1,444,468,469,-1,444,469,445,-1,445,469,470,-1,445,470,446,-1,446,470,471,-1,446,471,447,-1,447,471,472,-1,447,472,448,-1,448,472,473,-1,448,473,449,-1,449,473,474,-1,449,474,450,-1,450,474,475,-1,450,475,451,-1,451,475,476,-1,451,476,452,-1,452,476,477,-1,452,477,453,-1,453,477,478,-1,453,478,454,-1,454,478,479,-1,454,479,455,-1,455,479,456,-1,479,480,456,-1,456,480,481,-1,456,481,457,-1,457,481,482,-1,457,482,458,-1,458,482,483,-1,458,483,459,-1,459,483,484,-1,459,484,460,-1,460,484,485,-1,460,485,461,-1,461,485,486,-1,461,486,462,-1,462,486,487,-1,462,487,463,-1,463,487,488,-1,463,488,464,-1,464,488,489,-1,464,489,465,-1,465,489,490,-1,465,490,466,-1,466,490,491,-1,466,491,467,-1,467,491,492,-1,467,492,468,-1,468,492,493,-1,468,493,469,-1,469,493,494,-1,469,494,470,-1,470,494,495,-1,470,495,471,-1,471,495,496,-1,471,496,472,-1,472,496,497,-1,472,497,473,-1,473,497,498,-1,473,498,474,-1,474,498,499,-1,474,499,475,-1,475,499,500,-1,475,500,476,-1,476,500,501,-1,476,501,477,-1,477,501,502,-1,477,502,478,-1,478,502,503,-1,478,503,479,-1,479,503,480,-1,504,505,506,-1,506,505,507,-1,506,507,508,-1,508,507,509,-1,508,509,510,-1,510,509,511,-1,510,511,512,-1,512,511,513,-1,512,513,514,-1,514,513,515,-1,514,515,516,-1,516,515,517,-1,516,517,518,-1,518,517,519,-1,518,519,520,-1,520,519,521,-1,520,521,522,-1,522,521,523,-1,522,523,524,-1,524,523,525,-1,524,525,526,-1,526,525,527,-1,526,527,528,-1,528,527,529,-1,528,529,530,-1,530,529,531,-1,530,531,532,-1,532,531,533,-1,532,533,534,-1,534,533,535,-1,534,535,536,-1,536,535,537,-1,536,537,538,-1,538,537,539,-1,538,539,540,-1,540,539,541,-1,540,541,542,-1,542,541,543,-1,542,543,544,-1,544,543,545,-1,544,545,546,-1,546,545,547,-1,546,547,548,-1,548,547,549,-1,548,549,550,-1,550,549,551,-1,550,551,504,-1,504,551,505,-1,551,552,505,-1,505,552,553,-1,505,553,507,-1,507,553,554,-1,507,554,509,-1,509,554,555,-1,509,555,511,-1,511,555,556,-1,511,556,513,-1,513,556,557,-1,513,557,515,-1,515,557,558,-1,515,558,517,-1,517,558,559,-1,517,559,519,-1,519,559,560,-1,519,560,521,-1,521,560,561,-1,521,561,523,-1,523,561,562,-1,523,562,525,-1,525,562,563,-1,525,563,527,-1,527,563,564,-1,527,564,529,-1,529,564,565,-1,529,565,531,-1,531,565,566,-1,531,566,533,-1,533,566,567,-1,533,567,535,-1,535,567,568,-1,535,568,537,-1,537,568,569,-1,537,569,539,-1,539,569,570,-1,539,570,541,-1,541,570,571,-1,541,571,543,-1,543,571,572,-1,543,572,545,-1,545,572,573,-1,545,573,547,-1,547,573,574,-1,547,574,549,-1,549,574,575,-1,549,575,551,-1,551,575,552,-1,575,576,552,-1,552,576,577,-1,552,577,553,-1,553,577,578,-1,553,578,554,-1,554,578,579,-1,554,579,555,-1,555,579,580,-1,555,580,556,-1,556,580,581,-1,556,581,557,-1,557,581,582,-1,557,582,558,-1,558,582,583,-1,558,583,559,-1,559,583,584,-1,559,584,560,-1,560,584,585,-1,560,585,561,-1,561,585,586,-1,561,586,562,-1,562,586,587,-1,562,587,563,-1,563,587,588,-1,563,588,564,-1,564,588,589,-1,564,589,565,-1,565,589,590,-1,565,590,566,-1,566,590,591,-1,566,591,567,-1,567,591,592,-1,567,592,568,-1,568,592,593,-1,568,593,569,-1,569,593,594,-1,569,594,570,-1,570,594,595,-1,570,595,571,-1,571,595,596,-1,571,596,572,-1,572,596,597,-1,572,597,573,-1,573,597,598,-1,573,598,574,-1,574,598,599,-1,574,599,575,-1,575,599,576,-1,599,600,576,-1,576,600,601,-1,576,601,577,-1,577,601,602,-1,577,602,578,-1,578,602,603,-1,578,603,579,-1,579,603,604,-1,579,604,580,-1,580,604,605,-1,580,605,581,-1,581,605,606,-1,581,606,582,-1,582,606,607,-1,582,607,583,-1,583,607,608,-1,583,608,584,-1,584,608,609,-1,584,609,585,-1,585,609,610,-1,585,610,586,-1,586,610,611,-1,586,611,587,-1,587,611,612,-1,587,612,588,-1,588,612,613,-1,588,613,589,-1,589,613,614,-1,589,614,590,-1,590,614,615,-1,590,615,591,-1,591,615,616,-1,591,616,592,-1,592,616,617,-1,592,617,593,-1,593,617,618,-1,593,618,594,-1,594,618,619,-1,594,619,595,-1,595,619,620,-1,595,620,596,-1,596,620,621,-1,596,621,597,-1,597,621,622,-1,597,622,598,-1,598,622,623,-1,598,623,599,-1,599,623,600,-1,623,624,600,-1,600,624,625,-1,600,625,601,-1,601,625,626,-1,601,626,602,-1,602,626,627,-1,602,627,603,-1,603,627,628,-1,603,628,604,-1,604,628,629,-1,604,629,605,-1,605,629,630,-1,605,630,606,-1,606,630,631,-1,606,631,607,-1,607,631,632,-1,607,632,608,-1,608,632,633,-1,608,633,609,-1,609,633,634,-1,609,634,610,-1,610,634,635,-1,610,635,611,-1,611,635,636,-1,611,636,612,-1,612,636,637,-1,612,637,613,-1,613,637,638,-1,613,638,614,-1,614,638,639,-1,614,639,615,-1,615,639,640,-1,615,640,616,-1,616,640,641,-1,616,641,617,-1,617,641,642,-1,617,642,618,-1,618,642,643,-1,618,643,619,-1,619,643,644,-1,619,644,620,-1,620,644,645,-1,620,645,621,-1,621,645,646,-1,621,646,622,-1,622,646,647,-1,622,647,623,-1,623,647,624,-1,647,648,624,-1,624,648,649,-1,624,649,625,-1,625,649,650,-1,625,650,626,-1,626,650,651,-1,626,651,627,-1,627,651,652,-1,627,652,628,-1,628,652,653,-1,628,653,629,-1,629,653,654,-1,629,654,630,-1,630,654,655,-1,630,655,631,-1,631,655,656,-1,631,656,632,-1,632,656,657,-1,632,657,633,-1,633,657,658,-1,633,658,634,-1,634,658,659,-1,634,659,635,-1,635,659,660,-1,635,660,636,-1,636,660,661,-1,636,661,637,-1,637,661,662,-1,637,662,638,-1,638,662,663,-1,638,663,639,-1,639,663,664,-1,639,664,640,-1,640,664,665,-1,640,665,641,-1,641,665,666,-1,641,666,642,-1,642,666,667,-1,642,667,643,-1,643,667,668,-1,643,668,644,-1,644,668,669,-1,644,669,645,-1,645,669,670,-1,645,670,646,-1,646,670,671,-1,646,671,647,-1,647,671,648,-1,672,673,674,-1,674,673,675,-1,674,675,676,-1,676,675,677,-1,676,677,678,-1,678,677,679,-1,678,679,680,-1,680,679,681,-1,680,681,682,-1,682,681,683,-1,682,683,684,-1,684,683,685,-1,684,685,686,-1,686,685,687,-1,686,687,688,-1,688,687,689,-1,688,689,690,-1,690,689,691,-1,690,691,692,-1,692,691,693,-1,692,693,694,-1,694,693,695,-1,694,695,696,-1,696,695,697,-1,696,697,698,-1,698,697,699,-1,698,699,700,-1,700,699,701,-1,700,701,702,-1,702,701,703,-1,702,703,704,-1,704,703,705,-1,704,705,706,-1,706,705,707,-1,706,707,708,-1,708,707,709,-1,708,709,710,-1,710,709,711,-1,710,711,712,-1,712,711,713,-1,712,713,714,-1,714,713,715,-1,714,715,716,-1,716,715,717,-1,716,717,718,-1,718,717,719,-1,718,719,672,-1,672,719,673,-1,719,720,673,-1,673,720,721,-1,673,721,675,-1,675,721,722,-1,675,722,677,-1,677,722,723,-1,677,723,679,-1,679,723,724,-1,679,724,681,-1,681,724,725,-1,681,725,683,-1,683,725,726,-1,683,726,685,-1,685,726,727,-1,685,727,687,-1,687,727,728,-1,687,728,689,-1,689,728,729,-1,689,729,691,-1,691,729,730,-1,691,730,693,-1,693,730,731,-1,693,731,695,-1,695,731,732,-1,695,732,697,-1,697,732,733,-1,697,733,699,-1,699,733,734,-1,699,734,701,-1,701,734,735,-1,701,735,703,-1,703,735,736,-1,703,736,705,-1,705,736,737,-1,705,737,707,-1,707,737,738,-1,707,738,709,-1,709,738,739,-1,709,739,711,-1,711,739,740,-1,711,740,713,-1,713,740,741,-1,713,741,715,-1,715,741,742,-1,715,742,717,-1,717,742,743,-1,717,743,719,-1,719,743,720,-1,743,744,720,-1,720,744,745,-1,720,745,721,-1,721,745,746,-1,721,746,722,-1,722,746,747,-1,722,747,723,-1,723,747,748,-1,723,748,724,-1,724,748,749,-1,724,749,725,-1,725,749,750,-1,725,750,726,-1,726,750,751,-1,726,751,727,-1,727,751,752,-1,727,752,728,-1,728,752,753,-1,728,753,729,-1,729,753,754,-1,729,754,730,-1,730,754,755,-1,730,755,731,-1,731,755,756,-1,731,756,732,-1,732,756,757,-1,732,757,733,-1,733,757,758,-1,733,758,734,-1,734,758,759,-1,734,759,735,-1,735,759,760,-1,735,760,736,-1,736,760,761,-1,736,761,737,-1,737,761,762,-1,737,762,738,-1,738,762,763,-1,738,763,739,-1,739,763,764,-1,739,764,740,-1,740,764,765,-1,740,765,741,-1,741,765,766,-1,741,766,742,-1,742,766,767,-1,742,767,743,-1,743,767,744,-1,767,768,744,-1,744,768,769,-1,744,769,745,-1,745,769,770,-1,745,770,746,-1,746,770,771,-1,746,771,747,-1,747,771,772,-1,747,772,748,-1,748,772,773,-1,748,773,749,-1,749,773,774,-1,749,774,750,-1,750,774,775,-1,750,775,751,-1,751,775,776,-1,751,776,752,-1,752,776,777,-1,752,777,753,-1,753,777,778,-1,753,778,754,-1,754,778,779,-1,754,779,755,-1,755,779,780,-1,755,780,756,-1,756,780,781,-1,756,781,757,-1,757,781,782,-1,757,782,758,-1,758,782,783,-1,758,783,759,-1,759,783,784,-1,759,784,760,-1,760,784,785,-1,760,785,761,-1,761,785,786,-1,761,786,762,-1,762,786,787,-1,762,787,763,-1,763,787,788,-1,763,788,764,-1,764,788,789,-1,764,789,765,-1,765,789,790,-1,765,790,766,-1,766,790,791,-1,766,791,767,-1,767,791,768,-1,791,792,768,-1,768,792,793,-1,768,793,769,-1,769,793,794,-1,769,794,770,-1,770,794,795,-1,770,795,771,-1,771,795,796,-1,771,796,772,-1,772,796,797,-1,772,797,773,-1,773,797,798,-1,773,798,774,-1,774,798,799,-1,774,799,775,-1,775,799,800,-1,775,800,776,-1,776,800,801,-1,776,801,777,-1,777,801,802,-1,777,802,778,-1,778,802,803,-1,778,803,779,-1,779,803,804,-1,779,804,780,-1,780,804,805,-1,780,805,781,-1,781,805,806,-1,781,806,782,-1,782,806,807,-1,782,807,783,-1,783,807,808,-1,783,808,784,-1,784,808,809,-1,784,809,785,-1,785,809,810,-1,785,810,786,-1,786,810,811,-1,786,811,787,-1,787,811,812,-1,787,812,788,-1,788,812,813,-1,788,813,789,-1,789,813,814,-1,789,814,790,-1,790,814,815,-1,790,815,791,-1,791,815,792,-1,815,816,792,-1,792,816,817,-1,792,817,793,-1,793,817,818,-1,793,818,794,-1,794,818,819,-1,794,819,795,-1,795,819,820,-1,795,820,796,-1,796,820,821,-1,796,821,797,-1,797,821,822,-1,797,822,798,-1,798,822,823,-1,798,823,799,-1,799,823,824,-1,799,824,800,-1,800,824,825,-1,800,825,801,-1,801,825,826,-1,801,826,802,-1,802,826,827,-1,802,827,803,-1,803,827,828,-1,803,828,804,-1,804,828,829,-1,804,829,805,-1,805,829,830,-1,805,830,806,-1,806,830,831,-1,806,831,807,-1,807,831,832,-1,807,832,808,-1,808,832,833,-1,808,833,809,-1,809,833,834,-1,809,834,810,-1,810,834,835,-1,810,835,811,-1,811,835,836,-1,811,836,812,-1,812,836,837,-1,812,837,813,-1,813,837,838,-1,813,838,814,-1,814,838,839,-1,814,839,815,-1,815,839,816,-1,840,841,842,-1,842,841,843,-1,842,843,844,-1,844,843,845,-1,844,845,846,-1,846,845,847,-1,846,847,848,-1,848,847,849,-1,848,849,850,-1,850,849,851,-1,850,851,852,-1,852,851,853,-1,852,853,854,-1,854,853,855,-1,854,855,856,-1,856,855,857,-1,856,857,858,-1,858,857,859,-1,858,859,860,-1,860,859,861,-1,860,861,862,-1,862,861,863,-1,862,863,864,-1,864,863,865,-1,864,865,866,-1,866,865,867,-1,866,867,868,-1,868,867,869,-1,868,869,870,-1,870,869,871,-1,870,871,872,-1,872,871,873,-1,872,873,874,-1,874,873,875,-1,874,875,876,-1,876,875,877,-1,876,877,878,-1,878,877,879,-1,878,879,880,-1,880,879,881,-1,880,881,882,-1,882,881,883,-1,882,883,884,-1,884,883,885,-1,884,885,886,-1,886,885,887,-1,886,887,840,-1,840,887,841,-1,887,888,841,-1,841,888,889,-1,841,889,843,-1,843,889,890,-1,843,890,845,-1,845,890,891,-1,845,891,847,-1,847,891,892,-1,847,892,849,-1,849,892,893,-1,849,893,851,-1,851,893,894,-1,851,894,853,-1,853,894,895,-1,853,895,855,-1,855,895,896,-1,855,896,857,-1,857,896,897,-1,857,897,859,-1,859,897,898,-1,859,898,861,-1,861,898,899,-1,861,899,863,-1,863,899,900,-1,863,900,865,-1,865,900,901,-1,865,901,867,-1,867,901,902,-1,867,902,869,-1,869,902,903,-1,869,903,871,-1,871,903,904,-1,871,904,873,-1,873,904,905,-1,873,905,875,-1,875,905,906,-1,875,906,877,-1,877,906,907,-1,877,907,879,-1,879,907,908,-1,879,908,881,-1,881,908,909,-1,881,909,883,-1,883,909,910,-1,883,910,885,-1,885,910,911,-1,885,911,887,-1,887,911,888,-1,911,912,888,-1,888,912,913,-1,888,913,889,-1,889,913,914,-1,889,914,890,-1,890,914,915,-1,890,915,891,-1,891,915,916,-1,891,916,892,-1,892,916,917,-1,892,917,893,-1,893,917,918,-1,893,918,894,-1,894,918,919,-1,894,919,895,-1,895,919,920,-1,895,920,896,-1,896,920,921,-1,896,921,897,-1,897,921,922,-1,897,922,898,-1,898,922,923,-1,898,923,899,-1,899,923,924,-1,899,924,900,-1,900,924,925,-1,900,925,901,-1,901,925,926,-1,901,926,902,-1,902,926,927,-1,902,927,903,-1,903,927,928,-1,903,928,904,-1,904,928,929,-1,904,929,905,-1,905,929,930,-1,905,930,906,-1,906,930,931,-1,906,931,907,-1,907,931,932,-1,907,932,908,-1,908,932,933,-1,908,933,909,-1,909,933,934,-1,909,934,910,-1,910,934,935,-1,910,935,911,-1,911,935,912,-1,935,936,912,-1,912,936,937,-1,912,937,913,-1,913,937,938,-1,913,938,914,-1,914,938,939,-1,914,939,915,-1,915,939,940,-1,915,940,916,-1,916,940,941,-1,916,941,917,-1,917,941,942,-1,917,942,918,-1,918,942,943,-1,918,943,919,-1,919,943,944,-1,919,944,920,-1,920,944,945,-1,920,945,921,-1,921,945,946,-1,921,946,922,-1,922,946,947,-1,922,947,923,-1,923,947,948,-1,923,948,924,-1,924,948,949,-1,924,949,925,-1,925,949,950,-1,925,950,926,-1,926,950,951,-1,926,951,927,-1,927,951,952,-1,927,952,928,-1,928,952,953,-1,928,953,929,-1,929,953,954,-1,929,954,930,-1,930,954,955,-1,930,955,931,-1,931,955,956,-1,931,956,932,-1,932,956,957,-1,932,957,933,-1,933,957,958,-1,933,958,934,-1,934,958,959,-1,934,959,935,-1,935,959,936,-1,959,960,936,-1,936,960,961,-1,936,961,937,-1,937,961,962,-1,937,962,938,-1,938,962,963,-1,938,963,939,-1,939,963,964,-1,939,964,940,-1,940,964,965,-1,940,965,941,-1,941,965,966,-1,941,966,942,-1,942,966,967,-1,942,967,943,-1,943,967,968,-1,943,968,944,-1,944,968,969,-1,944,969,945,-1,945,969,970,-1,945,970,946,-1,946,970,971,-1,946,971,947,-1,947,971,972,-1,947,972,948,-1,948,972,973,-1,948,973,949,-1,949,973,974,-1,949,974,950,-1,950,974,975,-1,950,975,951,-1,951,975,976,-1,951,976,952,-1,952,976,977,-1,952,977,953,-1,953,977,978,-1,953,978,954,-1,954,978,979,-1,954,979,955,-1,955,979,980,-1,955,980,956,-1,956,980,981,-1,956,981,957,-1,957,981,982,-1,957,982,958,-1,958,982,983,-1,958,983,959,-1,959,983,960,-1,983,984,960,-1,960,984,985,-1,960,985,961,-1,961,985,986,-1,961,986,962,-1,962,986,987,-1,962,987,963,-1,963,987,988,-1,963,988,964,-1,964,988,989,-1,964,989,965,-1,965,989,990,-1,965,990,966,-1,966,990,991,-1,966,991,967,-1,967,991,992,-1,967,992,968,-1,968,992,993,-1,968,993,969,-1,969,993,994,-1,969,994,970,-1,970,994,995,-1,970,995,971,-1,971,995,996,-1,971,996,972,-1,972,996,997,-1,972,997,973,-1,973,997,998,-1,973,998,974,-1,974,998,999,-1,974,999,975,-1,975,999,1000,-1,975,1000,976,-1,976,1000,1001,-1,976,1001,977,-1,977,1001,1002,-1,977,1002,978,-1,978,1002,1003,-1,978,1003,979,-1,979,1003,1004,-1,979,1004,980,-1,980,1004,1005,-1,980,1005,981,-1,981,1005,1006,-1,981,1006,982,-1,982,1006,1007,-1,982,1007,983,-1,983,1007,984,-1,
        ]
    }
}